0,20181222.191246,DAL2663,0.675192,15350.0,233.30000000000007
0,20181226.153403,SKW3937,2.056328,15175.0,238.6
0,20181226.154410,JBU921,5.526584,11250.0,234.50000000000003
0,20181226.154739,DAL449,1.721074,10450.0,237.50000000000003
0,20181226.155041,JBU795,0.62095,10650.0,234.1
0,20181226.155308,N156WJ,2.517862,10425.0,233.2
0,20181226.161910,JBU149,1.832778,10475.0,232.59999999999997
0,20181226.162050,AAL179,5.771331,10700.0,231.80000000000007
0,20181226.162525,N610CR,3.0587929999999997,15000.0,229.10000000000002
0,20181226.163009,DAL2780,0.691756,11800.0,235.00000000000006
0,20181226.163958,JBU1407,0.981198,11975.0,235.80000000000004
0,20181226.165747,ASA1025,1.034924,12125.0,236.20000000000002
0,20181226.170659,DAL2781,0.9914260000000001,14375.0,234.1
0,20181226.171120,DAL747,3.6376240000000006,14300.0,241.50000000000003
0,20181226.171546,JBU329,0.721199,13800.0,235.10000000000005
0,20181226.173124,JBU2359,4.645939,11175.0,241.90000000000006
0,20181226.174314,JBU1691,4.708602,11200.0,234.19999999999996
0,20181226.175653,AAL2681,1.4224900000000003,13575.0,232.5
0,20181226.180649,JBU2401,1.544505,12775.0,231.6
0,20181226.181237,TAE551,2.540361,14800.0,238.30000000000004
0,20181226.182127,JBU2153,0.628029,12600.0,234.80000000000007
0,20181226.182333,TFF909,2.255118,10525.0,236.8
0,20181226.182834,AAL1274,3.149992,11625.0,240.50000000000003
0,20181226.183236,JBU2179,0.134759,10500.0,234.50000000000003
0,20181226.183806,AVA211,1.093278,13175.0,235.80000000000004
0,20181226.185514,AAL952,0.387091,12450.0,236.00000000000003
0,20181226.190302,DAL2993,0.506558,14350.0,234.1
0,20181226.190833,JBU1729,0.678837,13100.0,233.30000000000007
0,20181226.153155,ASA1407,1.95333,12225.0,237.89999999999998
0,20181230.004313,DAL1667,0.227017,10950.0,235.10000000000005
0,20181226.152618,DAL2932,2.54627,10475.0,232.59999999999997
0,20181226.152054,ASA1023,0.521142,11225.0,235.4
0,20181226.130047,ASA59,1.060594,11825.0,235.80000000000004
0,20181226.131348,FDX3614,1.1157770000000002,14775.0,233.30000000000007
0,20181226.131633,JBU677,4.331288,11300.0,243.50000000000006
0,20181226.131918,AMX405,2.185494,11075.0,238.10000000000005
0,20181226.132333,JBU1611,4.968378,10500.0,239.70000000000005
0,20181226.132624,DAL1481,1.3951600000000002,11425.0,236.70000000000005
0,20181226.133301,DAL2991,1.1863580000000002,13275.0,236.29999999999998
0,20181226.133506,DAL725,2.370843,11100.0,238.6
0,20181226.133709,JBU189,4.247403,10450.0,236.40000000000006
0,20181226.133952,JBU841,1.7156109999999998,10500.0,237.1
0,20181226.134248,AAL1444,2.450718,13500.0,238.7
0,20181226.135016,SKW3705,1.15655,14500.0,236.50000000000006
0,20181226.135224,AAL2827,2.452489,15025.0,239.00000000000003
0,20181226.191519,DAL1420,1.2010210000000001,13175.0,236.20000000000002
0,20181226.135457,AAL2514,1.83677,11975.0,237.30000000000004
0,20181226.140043,N106EX,0.9740110000000001,14150.0,233.00000000000003
0,20181226.140140,RPA6130,5.702978,10850.0,236.9
0,20181226.140440,DAL215,1.268837,13550.0,236.50000000000006
0,20181226.141244,EDV3371,1.552465,10450.0,236.9
0,20181226.141503,DAL2793,0.249577,13000.0,234.50000000000003
0,20181226.142412,JBU415,0.745334,11925.0,235.5
0,20181226.142633,UPS2111,1.8963929999999998,14225.0,238.20000000000005
0,20181226.142854,FDX442,0.544178,13275.0,233.2
0,20181226.143249,EDV5161,2.108374,12475.0,238.30000000000004
0,20181226.145940,JBU323,0.787881,11625.0,234.80000000000007
0,20181226.150451,DAL481,4.973897,11875.0,233.8
0,20181226.150823,FDX622,1.475452,14125.0,232.20000000000002
0,20181226.151254,TAI571,0.554467,11900.0,233.70000000000002
0,20181226.135914,DAL2849,0.578922,12450.0,234.30000000000004
0,20181226.125821,JBU525,0.069193,11050.0,234.19999999999996
0,20181226.193159,ASA1411,2.35738,11925.0,238.90000000000003
0,20181226.194238,JBU581,0.864647,13750.0,234.90000000000006
0,20181226.233032,DAL2947,4.500603,10550.0,235.80000000000004
0,20181226.233239,JBU719,0.44519500000000006,10475.0,238.30000000000004
0,20181226.234109,QFA12,4.096327,10875.0,236.00000000000003
0,20181226.235448,DAL860,4.404406,10875.0,238.7
0,20181226.235736,SKW4160,0.357155,12200.0,234.50000000000003
0,20181226.235913,AAL2423,1.669956,14425.0,237.40000000000003
0,20181227.000548,DAL969,5.675488,11875.0,233.40000000000006
0,20181227.001946,JBU167,4.93366,11075.0,238.4
0,20181227.002159,EDV5390,4.503752,13025.0,233.9
0,20181227.004722,DAL715,0.550405,12525.0,237.50000000000003
0,20181227.004857,DAL2757,5.29125,13000.0,242.6
0,20181227.005510,DAL1807,2.493911,14175.0,238.7
0,20181227.010752,DAL2199,4.971127,11375.0,234.90000000000006
0,20181227.011451,DAL2915,1.7759869999999998,11850.0,237.70000000000002
0,20181227.011716,AAL24,0.241798,12650.0,234.30000000000004
0,20181227.012655,AAL2218,1.0981370000000001,11850.0,238.4
0,20181227.012929,ASA1413,1.442117,12925.0,236.70000000000005
0,20181227.013240,JBU225,1.342462,11500.0,234.50000000000003
0,20181227.014033,AAL631,1.012547,13975.0,236.29999999999998
0,20181227.014451,JBU1415,3.0793999999999997,11325.0,240.50000000000003
0,20181227.020947,EDV5081,2.537895,14850.0,254.40000000000003
0,20181227.021704,JBU71,4.303519,12625.0,242.00000000000006
0,20181227.024314,DAL2851,0.937866,14000.0,236.10000000000002
0,20181227.025411,DAL2850,0.400431,13575.0,239.3
0,20181227.030557,AAL2756,0.745714,14300.0,235.00000000000006
0,20181227.032449,JBU1715,4.662802,11025.0,234.1
0,20181227.040307,RPA4454,1.935891,14250.0,237.89999999999998
0,20181226.230501,AAL2819,0.634584,12100.0,236.29999999999998
0,20181226.224453,AMX403,1.740955,13400.0,255.20000000000005
0,20181226.223444,JIA5295,1.040539,14900.0,232.5
0,20181226.222918,JBU359,4.789803,11200.0,235.5
0,20181226.195404,JBU351,5.180554,11400.0,234.30000000000004
0,20181226.201136,RPA5870,0.220605,13625.0,234.60000000000002
0,20181226.202016,ENY3787,0.685775,12875.0,234.0
0,20181226.202649,AMX409,0.7533609999999998,14075.0,233.8
0,20181226.203127,ENY3829,1.060216,10575.0,236.8
0,20181226.203832,RPA6064,5.915435,12425.0,234.1
0,20181226.205057,JBU1323,4.313848,11025.0,234.7
0,20181226.205541,BSK516,1.036354,13750.0,232.5
0,20181226.205850,DAL2870,1.508287,10800.0,231.90000000000003
0,20181226.210028,JBU325,5.2402,11700.0,232.80000000000004
0,20181226.210909,DAL2812,1.5778170000000002,11975.0,237.2
0,20181226.211302,JBU575,1.1020210000000001,14000.0,232.70000000000005
0,20181226.211655,BSK626,0.722746,14400.0,233.40000000000006
0,20181226.193911,VIV3945,0.475165,14575.0,238.10000000000005
0,20181226.212133,DAL2205,0.9303190000000002,12600.0,233.30000000000007
0,20181226.213016,SLI415,0.710123,13575.0,234.1
0,20181226.213211,ENY3796,0.572957,13425.0,235.80000000000004
0,20181226.213437,DAL2477,0.8082690000000001,13175.0,239.00000000000003
0,20181226.213708,AAL2305,0.48839499999999997,12425.0,235.10000000000005
0,20181226.213824,EDV3371,4.5905,10725.0,234.50000000000003
0,20181226.214255,ASA1037,2.526593,12075.0,245.90000000000003
0,20181226.214709,AAL1587,1.8934370000000003,13900.0,237.0
0,20181226.215132,JBU1523,1.2128810000000003,11675.0,236.29999999999998
0,20181226.215901,AIJ2997,1.080313,12725.0,236.29999999999998
0,20181226.221302,DAL2016,0.9304070000000002,13075.0,235.10000000000005
0,20181226.221703,JBU1425,4.6888,12350.0,237.30000000000004
0,20181226.222041,AAL2291,0.196866,14700.0,235.10000000000005
0,20181226.222722,DAL1993,0.440569,14925.0,234.30000000000004
0,20181226.212317,ENY3716,5.150537,11800.0,235.6
0,20181227.040645,UPS1125,4.687426,13800.0,253.9
0,20181226.125500,JBU675,0.8506030000000001,14025.0,233.2
0,20181226.124838,JBU123,0.661891,11725.0,235.6
0,20181225.024103,JBU1295,2.183103,15100.0,230.40000000000003
0,20181225.025123,JBU1677,0.251998,13875.0,233.9
0,20181225.030738,JBU1723,4.172834,11650.0,233.1
0,20181225.114914,AAL1487,0.8179770000000002,12575.0,233.60000000000002
0,20181225.115050,AAL2234,0.582665,13725.0,233.8
0,20181225.131922,AIJ2995,0.999326,12225.0,233.70000000000002
0,20181225.132839,AMX405,0.685852,12425.0,234.80000000000007
0,20181225.132947,JBU123,1.961175,13125.0,237.89999999999998
0,20181225.133033,AAL1444,4.422532,12000.0,234.7
0,20181225.133146,DAL2096,5.128131,13900.0,236.60000000000005
0,20181225.133437,JBU189,0.734979,11850.0,235.6
0,20181225.134209,EDV5022,5.25827,13100.0,231.80000000000007
0,20181225.134430,DAL698,1.413325,13725.0,237.1
0,20181225.134708,AAL2514,1.3168880000000003,14175.0,232.20000000000002
0,20181225.142205,EDV5161,0.8679170000000003,14525.0,256.6000000000001
0,20181225.144627,DAL481,1.6368539999999998,10750.0,237.50000000000003
0,20181225.145808,DAL2536,4.960332,12925.0,243.40000000000006
0,20181225.150338,JBU243,1.642049,15550.0,237.2
0,20181225.151842,JBU921,0.7976480000000001,12050.0,233.30000000000007
0,20181225.152905,JBU323,1.0090430000000001,11875.0,235.80000000000004
0,20181225.161033,JBU675,2.393521,10650.0,238.6
0,20181225.161304,JBU425,2.214832,10650.0,233.00000000000003
0,20181225.164038,JBU423,1.4492700000000003,11825.0,236.60000000000005
0,20181225.181344,AAL429,0.7853400000000003,14475.0,235.90000000000003
0,20181225.182407,JBU2419,0.911031,12650.0,235.5
0,20181225.183216,AIJ2991,0.36076,14675.0,235.10000000000005
0,20181225.184544,JBU149,4.681833,11050.0,233.60000000000002
0,20181225.023901,JBU429,5.788562,13625.0,232.70000000000005
0,20181225.014721,ENY4077,1.1440400000000002,11325.0,236.60000000000005
0,20181225.012934,JBU65,5.006526,11575.0,236.8
0,20181225.011830,DAL723,0.625093,13200.0,235.00000000000006
0,20181224.182505,JBU483,2.837317,11975.0,233.8
0,20181224.190612,DAL2801,4.877446,13100.0,233.30000000000007
0,20181224.191442,JBU575,4.538866,12900.0,232.20000000000002
0,20181224.191655,AAL341,0.8999810000000001,12450.0,236.00000000000003
0,20181224.192625,DAL1420,1.0972240000000002,14850.0,236.40000000000006
0,20181224.194706,JBU581,1.9134399999999998,12900.0,232.5
0,20181224.195853,EDV5123,5.375328,12825.0,233.2
0,20181224.200232,JBU351,0.440819,12375.0,235.00000000000006
0,20181224.201806,ENY4177,0.529922,13700.0,234.30000000000004
0,20181224.202314,DAL917,4.125879,13425.0,241.90000000000006
0,20181224.204024,AMX409,1.4092320000000003,14575.0,231.5
0,20181224.204555,DAL2870,2.900277,14700.0,239.60000000000005
0,20181224.204845,AAL117,1.0360000000000003,12225.0,236.40000000000006
0,20181225.184841,DAL2801,1.3090880000000003,13125.0,232.80000000000004
0,20181224.211708,ENY3796,1.622113,12975.0,236.70000000000005
0,20181224.220252,AIJ2997,1.51596,13975.0,237.0
0,20181224.220833,JBU477,2.078149,14525.0,238.30000000000004
0,20181224.222022,EDV5369,4.412926,14425.0,230.0
0,20181224.225434,AMX403,0.451456,15250.0,235.3
0,20181224.233108,DAL827,0.8760110000000001,12525.0,233.50000000000003
0,20181224.233319,AAL2423,2.743111,12500.0,240.0
0,20181224.234908,DAL781,4.955346,11500.0,236.9
0,20181224.235136,QFA12,1.3160500000000002,11775.0,236.50000000000006
0,20181225.000702,SKW4160,0.496999,15275.0,234.80000000000007
0,20181225.002745,EDV5392,4.735912,13375.0,234.40000000000003
0,20181225.003551,JBU135,1.538604,14225.0,232.00000000000003
0,20181225.004342,JBU225,4.884132,12425.0,230.40000000000003
0,20181225.005538,DAL715,0.245246,13400.0,234.90000000000006
0,20181224.212014,SLI415,3.062026,14950.0,240.0
0,20181226.125009,JBU163,1.1930120000000002,12975.0,233.00000000000003
0,20181225.190257,JBU795,0.912275,10725.0,233.8
0,20181225.192403,VIV3945,0.228951,11700.0,237.8
0,20181226.011352,DAL1807,1.9212789999999997,14250.0,231.20000000000005
0,20181226.011743,JBU1623,0.660376,11575.0,233.60000000000002
0,20181226.013749,DAL2115,0.632776,10875.0,233.70000000000002
0,20181226.014051,JBU65,0.68816,12500.0,233.70000000000002
0,20181226.014336,AAL2218,0.882477,12450.0,233.60000000000002
0,20181226.015829,ENY4077,2.764745,10650.0,234.0
0,20181226.021838,EDV5092,5.757588,12450.0,233.2
0,20181226.022554,JBU711,0.132269,12300.0,233.9
0,20181226.024414,JBU1415,1.937447,10800.0,238.30000000000004
0,20181226.024525,JBU1295,1.3194570000000003,10950.0,236.8
0,20181226.031147,JBU1723,2.35702,12050.0,238.7
0,20181226.034925,00000000,4.455564,13100.0,242.6
0,20181226.035949,JBU225,4.458054,12550.0,238.4
0,20181226.040942,JBU429,5.743121,12675.0,237.2
0,20181226.084146,LRC671,3.674377,13900.0,216.70000000000002
0,20181226.102248,AAL1500,2.452997,13475.0,230.99999999999997
0,20181226.113701,DAL1148,0.537321,14950.0,233.70000000000002
0,20181226.114603,DAL2912,1.406363,12425.0,232.5
0,20181226.114918,AAL2234,4.817387,11750.0,238.7
0,20181226.115429,AAL1487,0.8153070000000001,14050.0,236.20000000000002
0,20181226.115552,AAL2643,0.41991500000000004,13950.0,235.3
0,20181226.121653,JBU213,0.8794830000000002,12050.0,234.30000000000004
0,20181226.122548,DAL1165,0.9388390000000002,13600.0,233.50000000000003
0,20181226.123112,ASA1011,1.024743,12100.0,235.3
0,20181226.123519,JBU15,1.1785470000000002,11450.0,235.6
0,20181226.124402,AIJ2995,0.533831,13075.0,235.3
0,20181226.124541,ASA420,0.21321699999999996,10475.0,234.7
0,20181226.010945,DAL890,1.65128,13775.0,231.6
0,20181226.010629,JBU1013,5.465578,10650.0,231.6
0,20181226.010518,JBU71,2.025331,13400.0,231.20000000000005
0,20181226.010323,AAL2772,1.0057350000000003,12550.0,233.00000000000003
0,20181225.193400,JBU575,0.4328870000000001,12825.0,234.60000000000002
0,20181225.194254,JBU351,5.289491,11500.0,231.80000000000007
0,20181225.201158,ENY3787,0.43325699999999995,13050.0,235.7
0,20181225.203209,AMX409,1.134854,14150.0,236.70000000000005
0,20181225.203830,RPA6086,0.330488,14950.0,234.0
0,20181225.204155,DAL2870,1.875406,10950.0,231.5
0,20181225.204743,JBU1323,0.539264,11900.0,235.00000000000006
0,20181225.205931,JBU719,2.458099,10700.0,236.20000000000002
0,20181225.210350,SLI415,0.660784,11675.0,236.00000000000003
0,20181225.211325,ENY3716,0.09776000000000001,13975.0,234.90000000000006
0,20181225.211950,JBU1729,0.24959,13650.0,234.7
0,20181225.213236,EDV5336,1.149759,13700.0,253.9
0,20181225.213813,JBU89,5.405694,11150.0,235.10000000000005
0,20181225.191054,EDV5123,1.152002,15025.0,236.20000000000002
0,20181225.215750,AIJ2997,0.8419380000000002,12675.0,238.6
0,20181225.222118,JBU325,1.0755650000000003,13650.0,233.1
0,20181225.223141,DAL1993,1.992396,15425.0,231.10000000000005
0,20181225.223618,AAL2291,1.0013400000000001,12675.0,233.2
0,20181225.225446,AMX403,4.229411,11500.0,241.7
0,20181225.231429,JBU1425,2.045283,10625.0,236.20000000000002
0,20181225.233707,QFA12,4.279451,11450.0,236.40000000000006
0,20181225.234156,EDV5373,1.908333,14100.0,237.40000000000003
0,20181225.234406,AAL2423,2.327786,10625.0,237.30000000000004
0,20181226.000323,DAL781,1.1025640000000003,11250.0,232.80000000000004
0,20181226.002856,JBU355,1.8532640000000002,12725.0,237.70000000000002
0,20181226.004501,JBU135,1.484395,10625.0,233.8
0,20181226.005844,DAL723,1.2042870000000003,12550.0,232.5
0,20181226.010126,JBU611,2.27515,11150.0,230.40000000000003
0,20181225.221558,JBU1523,5.185341,10650.0,238.90000000000003
0,20181224.181730,AAL429,1.335402,15400.0,232.20000000000002
0,20181227.041210,FDX1612,2.814596,13525.0,238.80000000000007
0,20181227.042228,UPS1111,2.556719,15750.0,240.1
0,20181228.205829,ENY3829,1.989649,12400.0,238.10000000000005
0,20181228.210801,ENY4177,0.664372,13775.0,234.30000000000004
0,20181228.212107,JBU883,0.7925670000000002,11175.0,235.10000000000005
0,20181228.212310,ENY787G,5.004615,11000.0,235.3
0,20181228.212532,JBU325,2.073703,12650.0,238.20000000000005
0,20181228.212718,DAL2870,0.607698,13450.0,233.30000000000007
0,20181228.213212,DAL2477,4.755873,13600.0,233.70000000000002
0,20181228.214544,EDV3374,0.346497,12825.0,234.1
0,20181228.215338,JBU1119,0.736532,14500.0,234.50000000000003
0,20181228.215838,JBU89,0.9410060000000001,12550.0,234.19999999999996
0,20181228.220035,EDV5254,0.452322,12575.0,235.90000000000003
0,20181228.221642,AAL2773,4.815949,13225.0,233.2
0,20181228.221926,DAL1993,4.354305,13775.0,233.2
0,20181228.222317,DAL2143,5.316429,11675.0,235.00000000000006
0,20181228.222452,JBU477,5.718801,12475.0,233.1
0,20181228.222815,AAL1587,0.9408700000000002,15825.0,232.90000000000003
0,20181228.222905,JBU1425,5.275803,13600.0,232.5
0,20181228.224921,JBU1307,5.442432,13600.0,233.9
0,20181228.225440,JBU1373,0.976999,14175.0,232.70000000000005
0,20181228.231114,AMX403,3.27263,13300.0,232.10000000000002
0,20181228.233718,ENY4055,1.210499,13575.0,232.5
0,20181228.235056,JBU1185,1.2882240000000003,15375.0,232.3
0,20181228.235627,DAL860,0.898949,12725.0,234.0
0,20181229.000029,AAL2291,4.483455,13800.0,233.1
0,20181229.000422,ENY3796,3.8274450000000004,13525.0,242.3
0,20181229.003037,JBU283,0.9341290000000001,14675.0,255.20000000000005
0,20181229.004944,JBU135,5.245322,11300.0,234.90000000000006
0,20181228.205226,RPA5870,3.351341,13450.0,244.1
0,20181228.204241,JBU719,1.7882539999999998,13575.0,254.70000000000002
0,20181228.200444,VIV3945,3.619464,11000.0,241.80000000000007
0,20181228.195538,EDV5204,5.179591,12625.0,244.50000000000003
0,20181228.141412,SKW3705,1.4077050000000002,13650.0,260.2
0,20181228.142348,N6A,1.284643,15775.0,236.70000000000005
0,20181228.143327,RPA6130,5.028755,10725.0,243.60000000000005
0,20181228.143811,FDX3614,2.669423,11825.0,239.20000000000002
0,20181228.144303,JBU675,2.442939,14375.0,239.3
0,20181228.145132,JBU415,4.336912,13875.0,243.9
0,20181228.151303,EDV3430,4.077603,12750.0,241.80000000000007
0,20181228.151622,EDV5100,4.095004,12750.0,242.3
0,20181228.151810,JBU765,4.583781,13525.0,241.7
0,20181228.152607,JBU323,4.882688,12600.0,244.70000000000002
0,20181228.153548,DAL481,1.615525,12675.0,237.60000000000002
0,20181228.154639,SKW3937,4.624915,13250.0,248.7
0,20181228.154901,EDV5161,4.894775,13975.0,254.2
0,20181229.013220,DAL2794,4.916144,11425.0,237.8
0,20181228.161343,JBU921,0.9072560000000001,14775.0,236.00000000000003
0,20181228.165855,JBU1691,1.7220380000000002,14900.0,237.70000000000002
0,20181228.170601,JBU615,0.605122,13075.0,235.6
0,20181228.171246,DAL1691,4.837327,12325.0,235.3
0,20181228.172807,JBU425,0.663871,14925.0,235.90000000000003
0,20181228.173857,JBU795,1.3971210000000003,13575.0,236.50000000000006
0,20181228.174242,DAL2634,1.443306,12950.0,236.9
0,20181228.175114,AAL1571,3.058198,15200.0,240.1
0,20181228.180648,DAL2781,2.07891,14425.0,240.9
0,20181228.181951,JBU523,5.19072,13625.0,246.70000000000005
0,20181228.183348,JBU329,5.800126,10950.0,244.30000000000004
0,20181228.184755,AAL9441,3.0324,15750.0,239.60000000000005
0,20181228.184949,AAL1274,2.201807,14150.0,239.20000000000002
0,20181228.193216,DAL2801,1.6972929999999997,13325.0,258.5
0,20181228.162014,JBU751,2.51385,12600.0,239.70000000000005
0,20181228.140104,DAL2836,2.039762,13925.0,238.20000000000005
0,20181229.014944,DAL2845,3.4699610000000005,12550.0,238.7
0,20181229.015457,JBU81,1.4733,13450.0,237.2
0,20181229.141337,EDV3346,5.601291,11775.0,234.0
0,20181229.141733,AAL1327,0.590217,12625.0,235.5
0,20181229.142756,EDV5100,0.45273700000000006,12950.0,234.0
0,20181229.143552,TAI571,1.542369,12475.0,237.2
0,20181229.144556,DAL1759,1.2747410000000001,14025.0,232.3
0,20181229.152958,HAL51,0.4805440000000001,12750.0,234.30000000000004
0,20181229.154316,DAL481,0.8993139999999998,13675.0,235.90000000000003
0,20181229.154538,JBU329,4.49965,11225.0,234.40000000000003
0,20181229.154748,DAL1501,5.548295,11000.0,235.10000000000005
0,20181229.155853,JBU425,0.633161,13025.0,233.30000000000007
0,20181229.160048,DAL436,4.233606,12250.0,234.19999999999996
0,20181229.160753,JBU1691,0.255107,12950.0,234.0
0,20181229.161609,SKW3937,4.509503,12075.0,232.70000000000005
0,20181229.191922,VIV3945,0.502691,11200.0,233.8
0,20181229.195924,JBU575,4.650111,12250.0,232.80000000000004
0,20181229.202925,RPA6086,1.046595,12775.0,236.20000000000002
0,20181229.203115,AMX409,4.868619,12425.0,237.40000000000003
0,20181229.211456,JBU719,5.164681,10925.0,234.60000000000002
0,20181229.214604,SLI415,0.577341,14075.0,235.5
0,20181229.215529,DAL2477,0.9069590000000002,12300.0,234.7
0,20181229.225157,DAL1993,0.721365,15050.0,236.70000000000005
0,20181229.230801,JBU921,5.343485,12100.0,235.10000000000005
0,20181229.232120,AMX403,0.8345150000000002,15025.0,246.10000000000002
0,20181229.235858,EDV5373,4.511778,12975.0,242.80000000000004
0,20181230.003209,AAL2772,1.359806,11925.0,236.10000000000002
0,20181230.003440,SKW4160,0.721741,12575.0,233.2
0,20181230.003550,DAL2037,3.880822,11900.0,234.7
0,20181229.141126,CMP803,1.86448,14075.0,231.10000000000005
0,20181229.135723,AAL2514,5.363563,12875.0,231.90000000000003
0,20181229.135045,DAL1380,1.990945,13575.0,238.20000000000005
0,20181229.134840,SKW3705,2.36603,13375.0,238.90000000000003
0,20181229.015644,EDV5226,0.43057500000000004,11325.0,234.80000000000007
0,20181229.020445,JBU97,4.499945,11775.0,240.30000000000007
0,20181229.021621,SKW3665,4.601905,11200.0,233.8
0,20181229.022331,JBU65,0.877526,12775.0,233.70000000000002
0,20181229.023731,DAL2851,4.858936,13100.0,235.00000000000006
0,20181229.024314,AAL2756,0.43223999999999996,13725.0,235.3
0,20181229.025341,DAL2915,1.310394,12475.0,232.3
0,20181229.033001,JBU553,1.486025,12850.0,232.20000000000002
0,20181229.033319,ENY4077,4.808995,12225.0,236.40000000000006
0,20181229.033839,JBU1677,0.418731,13825.0,234.60000000000002
0,20181229.034502,FDX1292,4.733631,11100.0,234.40000000000003
0,20181229.040442,JBU711,4.542206,11725.0,232.20000000000002
0,20181229.050508,JBU2989,4.330887,14750.0,229.3
0,20181229.015314,DAL2199,1.7070759999999998,12400.0,237.40000000000003
0,20181229.052446,JBU1723,5.206281,11725.0,231.20000000000005
0,20181229.054114,JBU1295,4.05124,12600.0,227.79999999999998
0,20181229.075300,VOI859,2.399448,15725.0,230.30000000000004
0,20181229.115415,AAL2234,0.304719,14500.0,233.60000000000002
0,20181229.122606,DAL9942,1.793659,14250.0,231.5
0,20181229.125640,ASA59,0.8618240000000003,12650.0,233.50000000000003
0,20181229.125856,JBU885,1.487629,14350.0,231.7
0,20181229.130606,FDX442,1.946996,14175.0,230.70000000000002
0,20181229.131159,JBU163,4.860382,10975.0,232.90000000000003
0,20181229.131420,JBU675,4.546061,11625.0,233.2
0,20181229.131906,UPS9605,3.9811240000000003,15500.0,242.20000000000002
0,20181229.132127,ENY9801,4.561056,11575.0,237.40000000000003
0,20181229.132413,AMX405,5.680165,11050.0,236.29999999999998
0,20181229.133740,AAL1444,0.718911,14700.0,232.00000000000003
0,20181229.053404,JBU1823,5.252346,11325.0,237.40000000000003
0,20181227.042008,FDX1292,3.6788280000000007,14450.0,241.0
0,20181228.135643,FDX869,4.579277,15025.0,243.00000000000003
0,20181228.135256,JBU189,3.752464,13175.0,241.40000000000003
0,20181227.134130,DAL2390,0.847047,14675.0,236.60000000000005
0,20181227.134526,SKW3705,4.570463,13175.0,241.30000000000004
0,20181227.134855,DAL2849,0.610443,11975.0,234.30000000000004
0,20181227.135438,JBU189,4.760355,10475.0,240.70000000000002
0,20181227.135737,JBU677,4.683703,11425.0,245.6
0,20181227.140113,AAL1444,1.004548,13400.0,237.2
0,20181227.140346,DAL2836,0.561511,11600.0,235.00000000000006
0,20181227.140641,JBU393,2.239693,10675.0,238.4
0,20181227.141319,EDV5022,1.365462,12725.0,236.60000000000005
0,20181227.141530,RPA6130,5.054417,13775.0,234.90000000000006
0,20181227.142539,JBU63,5.316789,10500.0,238.80000000000007
0,20181227.143838,JBU2423,2.939714,11600.0,242.4
0,20181227.144043,ASA1407,4.545439,10200.0,235.3
0,20181227.144731,FDX442,3.413257,11300.0,241.90000000000006
0,20181227.145010,JBU765,1.4854420000000002,11850.0,236.70000000000005
0,20181227.145155,EDV5100,0.933842,12450.0,235.4
0,20181227.145523,JBU323,1.1252730000000002,10975.0,236.20000000000002
0,20181227.145726,JBU871,4.887008,10675.0,234.80000000000007
0,20181227.150106,ASA1023,2.111426,11550.0,238.20000000000005
0,20181227.150340,DAL864,0.619192,11500.0,233.9
0,20181227.150633,JBU921,1.892971,10350.0,234.40000000000003
0,20181227.151322,SKW3937,0.7611559999999999,13075.0,235.90000000000003
0,20181227.153704,DAL2998,1.3072810000000001,15775.0,236.70000000000005
0,20181227.154053,DAL481,5.129467,11350.0,244.40000000000003
0,20181227.154351,EDV5573,3.364022,10375.0,240.1
0,20181227.160554,EJA151,4.871258,13325.0,243.40000000000006
0,20181227.162340,JBU149,3.3531319999999996,11500.0,240.50000000000003
0,20181227.133739,FDX3614,2.372186,15675.0,232.4
0,20181227.133545,DAL2991,0.528488,11800.0,233.9
0,20181227.133316,DAL1488,0.787446,12325.0,235.10000000000005
0,20181227.132922,AAL2827,3.275334,10850.0,240.30000000000007
0,20181227.061633,AIJ2993,1.883097,13275.0,231.4
0,20181227.065600,AMX401,1.498481,11075.0,231.80000000000007
0,20181227.073815,VOI859,2.59718,11850.0,233.40000000000006
0,20181227.101811,AAL1500,2.996778,12725.0,253.3
0,20181227.110138,JBU23,5.296064,10650.0,228.20000000000002
0,20181227.114424,JBU2419,1.5742949999999998,10600.0,236.9
0,20181227.114732,DAL2912,0.094727,13275.0,234.80000000000007
0,20181227.115313,AAL1487,1.292722,12275.0,236.8
0,20181227.115453,AAL2643,1.283947,10625.0,236.50000000000006
0,20181227.121118,JBU213,2.214832,10375.0,240.50000000000003
0,20181227.121458,CLX7783,3.965916,13925.0,241.40000000000003
0,20181227.122133,DAL1148,2.539393,14025.0,239.00000000000003
0,20181227.123010,AAL969,4.546388,10600.0,238.00000000000006
0,20181227.163240,JBU423,2.097098,10350.0,237.8
0,20181227.123401,ASA1011,4.63094,11850.0,243.50000000000006
0,20181227.124229,UPS9725,1.005003,11275.0,233.40000000000006
0,20181227.124553,AIJ2995,0.341849,11150.0,235.10000000000005
0,20181227.124914,JBU123,0.70859,11425.0,235.4
0,20181227.125033,JBU219,4.267578,10975.0,236.50000000000006
0,20181227.125303,JBU163,0.991445,13875.0,233.30000000000007
0,20181227.125717,ASA1251,0.9256820000000001,11600.0,235.7
0,20181227.125952,JBU675,4.781808,10925.0,233.2
0,20181227.130229,ASA59,0.622896,12250.0,235.4
0,20181227.131123,AMX405,1.071676,13075.0,236.40000000000006
0,20181227.131410,JBU525,0.8422810000000001,10575.0,235.6
0,20181227.131809,DAL725,1.513137,11625.0,236.8
0,20181227.132302,DAL1481,1.241444,11750.0,236.50000000000006
0,20181227.132655,JBU1611,5.629987,10350.0,236.50000000000006
0,20181227.123910,DAL2961,0.164321,13025.0,234.40000000000003
0,20181228.135437,AAL2827,3.924191,12750.0,240.70000000000002
0,20181227.163520,DAL2780,1.5946370000000003,12125.0,237.1
0,20181227.170132,N329PK,4.612447,13475.0,221.4
0,20181228.000120,RPA5869,1.742494,12500.0,238.10000000000005
0,20181228.001436,DAL860,4.339051,11425.0,239.70000000000005
0,20181228.001831,DAL2376,2.935373,14425.0,239.80000000000004
0,20181228.011004,JBU1623,5.174186,11800.0,237.89999999999998
0,20181228.011737,DAL1807,2.599179,13925.0,239.20000000000002
0,20181228.012513,JBU65,2.629509,14275.0,239.20000000000002
0,20181228.012631,DAL2757,4.273509,15325.0,240.1
0,20181228.013024,DAL2917,3.1018600000000003,12750.0,248.40000000000003
0,20181228.013148,DAL2199,4.035994,14600.0,241.6
0,20181228.013447,JBU225,1.980697,13975.0,237.70000000000002
0,20181228.013902,AAL631,1.711108,15999.999999999998,237.40000000000003
0,20181228.014442,AAL2423,0.8217760000000001,12825.0,235.4
0,20181228.021146,AAL2218,5.133671,13575.0,243.60000000000005
0,20181228.021957,EDV3413,3.9722139999999997,14400.0,241.7
0,20181228.023552,JBU711,4.855165,11250.0,236.00000000000003
0,20181228.024750,AAL2756,1.274712,13075.0,236.50000000000006
0,20181228.025551,JBU1295,3.152514,14100.0,240.2
0,20181228.030257,DAL2850,2.313731,15425.0,240.9
0,20181228.041733,JBU1823,0.602573,12925.0,234.50000000000003
0,20181228.115322,JBU2419,4.829765,12725.0,243.2
0,20181228.115912,DAL1148,4.242158,11925.0,242.20000000000002
0,20181228.120108,AAL2643,1.429962,14525.0,237.1
0,20181228.120831,AAL2234,1.7542109999999997,14225.0,237.60000000000002
0,20181228.125240,JBU219,3.05222,13450.0,241.90000000000006
0,20181228.130350,JBU163,5.361916,11825.0,236.40000000000006
0,20181228.133446,DAL725,2.568573,14125.0,250.00000000000003
0,20181228.135035,N329PK,4.612447,10700.0,234.7
0,20181227.233138,QFA12,3.860436,14350.0,241.80000000000007
0,20181227.231815,AAL2819,4.696657,13075.0,244.79999999999998
0,20181227.222914,DAL1993,1.535516,14900.0,244.50000000000003
0,20181227.222649,AAL2291,1.822054,15350.0,242.80000000000004
0,20181227.170421,ASA1025,2.5967,13325.0,239.20000000000002
0,20181227.171525,ASA1409,2.146869,11675.0,238.10000000000005
0,20181227.171803,JBU2359,2.755661,11525.0,239.4
0,20181227.172200,DAL2498,2.505275,13375.0,239.20000000000002
0,20181227.172445,DAL2781,4.062691,13375.0,242.10000000000002
0,20181227.174158,JBU523,1.372509,12125.0,236.70000000000005
0,20181227.183103,GAJ136,2.22885,10400.0,238.6
0,20181227.192703,DAL1420,4.525522,12175.0,243.00000000000003
0,20181227.193615,AAL952,3.079954,11925.0,240.30000000000007
0,20181227.194801,DAL913,1.6529610000000001,12450.0,237.50000000000003
0,20181227.200003,JBU351,4.463916,12300.0,237.1
0,20181227.202148,ENY3787,0.286018,12925.0,234.80000000000007
0,20181227.203352,JBU719,4.871524,11925.0,240.70000000000002
0,20181227.163627,JBU425,4.558415,12675.0,237.50000000000003
0,20181227.203533,RPA6048,4.83521,12450.0,243.30000000000007
0,20181227.204327,JBU581,4.683703,12275.0,236.9
0,20181227.204749,JBU325,4.735962,10575.0,239.49999999999997
0,20181227.210034,DAL2812,1.989732,10550.0,238.30000000000004
0,20181227.211104,DAL2205,4.571925,13275.0,239.49999999999997
0,20181227.211523,SLI415,1.8501,12800.0,237.60000000000002
0,20181227.212857,EDV5369,5.092571,13400.0,237.70000000000002
0,20181227.213140,ENY3796,3.587878,13275.0,241.30000000000004
0,20181227.214243,ENY3716,3.875537,12625.0,236.70000000000005
0,20181227.215658,ASA1037,0.397295,12750.0,234.40000000000003
0,20181227.220104,JBU1523,1.703389,10375.0,236.10000000000002
0,20181227.220229,AIJ2997,4.896584,12550.0,239.70000000000005
0,20181227.221120,JBU1425,1.834785,15200.0,237.70000000000002
0,20181227.221806,DAL2016,4.580746,12925.0,236.20000000000002
0,20181227.204108,JBU1323,5.074385,11150.0,237.50000000000003
0,20181224.181341,AIJ2991,0.280976,13100.0,234.0
0,20181226.152844,DAL2998,1.864884,13450.0,231.6
0,20181230.005730,RPA5869,2.178766,15300.0,238.4
0,20181223.115416,AAL2234,1.2143490000000001,12225.0,236.40000000000006
0,20181223.120016,AAL2643,4.681489,14275.0,244.2
0,20181224.130305,JBU525,5.735365,11050.0,236.40000000000006
0,20181224.125921,JBU885,5.291491,11400.0,235.00000000000006
0,20181224.125835,JBU163,0.31589,13100.0,234.30000000000004
0,20181224.123735,DAL2822,1.243103,10875.0,236.20000000000002
0,20181223.122841,GTI1115,3.904583,11200.0,235.00000000000006
0,20181224.122440,AAL2643,1.69585,14500.0,237.30000000000004
0,20181223.123959,DAL1165,0.079046,13075.0,234.60000000000002
0,20181223.124707,JBU123,0.578649,12225.0,234.60000000000002
0,20181224.121801,AAL33,2.933626,12225.0,239.80000000000004
0,20181223.125526,DAL2822,0.8265459999999999,12475.0,235.80000000000004
0,20181223.125927,JBU885,0.9477350000000001,15850.0,233.40000000000006
0,20181223.130250,JBU163,0.7647820000000002,14925.0,233.70000000000002
0,20181223.131104,AMX405,0.291384,14425.0,234.30000000000004
0,20181224.120249,AAL2234,1.196569,13375.0,235.80000000000004
0,20181224.115453,JBU2419,0.836652,12850.0,234.30000000000004
0,20181224.115127,AAL1487,0.49598,14200.0,234.50000000000003
0,20181224.114246,DAL1148,0.562362,13150.0,234.40000000000003
0,20181223.133233,DAL2025,2.372157,11075.0,239.49999999999997
0,20181223.133505,AAL1444,2.430938,14300.0,238.5
0,20181223.134237,JBU841,4.838702,11650.0,241.30000000000004
0,20181223.134443,JBU525,3.998004,12150.0,242.6
0,20181223.134555,SKW3705,1.3889200000000002,13950.0,237.1
0,20181223.134659,JBU677,2.224604,14975.0,238.10000000000005
0,20181223.134815,AAL2514,2.266293,13600.0,238.90000000000003
0,20181224.075118,VOI859,2.866702,15675.0,234.50000000000003
0,20181223.114750,JBU2419,0.595602,14275.0,233.1
0,20181224.073827,AMX401,5.135158,11600.0,241.80000000000007
0,20181224.130550,JBU675,1.1581030000000003,14000.0,254.99999999999997
0,20181223.113351,DAL1148,0.7945580000000002,14275.0,233.9
0,20181223.012638,JBU1523,0.7996370000000002,12200.0,235.90000000000003
0,20181223.014421,DAL2757,1.240942,12825.0,232.5
0,20181223.014906,ENY3586,0.8885340000000003,12500.0,235.80000000000004
0,20181224.143003,EDV5161,4.696505,12375.0,251.79999999999998
0,20181223.015238,DAL2915,0.40151,12450.0,235.3
0,20181223.015448,JBU355,1.137611,12050.0,235.80000000000004
0,20181223.015801,JBU225,1.6982620000000002,13925.0,231.4
0,20181223.020118,DAL1807,0.951519,13975.0,233.60000000000002
0,20181223.022040,AAL1240,1.718771,12675.0,231.5
0,20181223.022257,EDV3413,0.546628,14025.0,235.10000000000005
0,20181223.023002,JBU135,0.531183,12275.0,234.7
0,20181223.024319,EDV5081,1.864919,13500.0,231.6
0,20181224.140730,DAL215,0.7773720000000001,12975.0,234.50000000000003
0,20181223.044635,JBU97,0.8744920000000003,12175.0,232.90000000000003
0,20181223.044807,JBU711,1.605767,12125.0,232.00000000000003
0,20181223.052853,JBU1823,2.41241,12025.0,238.00000000000006
0,20181224.135122,AAL2514,1.282636,13225.0,236.70000000000005
0,20181224.134629,DAL2371,0.9802430000000002,14000.0,235.90000000000003
0,20181224.134421,AAL1444,0.9317000000000002,14350.0,235.80000000000004
0,20181223.072732,AIJ5995,0.7764370000000003,12225.0,233.2
0,20181224.132903,DAL2849,1.7244480000000002,11575.0,237.60000000000002
0,20181224.132704,JBU841,0.772655,11550.0,233.70000000000002
0,20181224.132108,DAL2182,5.458057,11450.0,234.30000000000004
0,20181224.131949,AAL1,2.389707,12975.0,238.90000000000003
0,20181223.085155,AMX401,3.5851290000000002,12800.0,233.00000000000003
0,20181224.131248,JBU677,0.946831,13700.0,232.90000000000003
0,20181223.101813,AAL1500,4.063315,12875.0,243.10000000000002
0,20181224.130856,AMX405,4.933822,13050.0,235.5
0,20181223.011605,DAL1667,2.591942,12200.0,239.00000000000003
0,20181223.134942,EDV5022,2.687357,13100.0,239.49999999999997
0,20181223.140235,JBU675,4.484427,14800.0,242.90000000000003
0,20181223.185022,DAL2993,1.4437020000000003,13475.0,252.7
0,20181224.003010,DAL1667,2.68236,11950.0,239.3
0,20181223.185754,DAL2801,0.610022,14175.0,234.1
0,20181223.190055,SOO7640,1.031285,15300.0,233.2
0,20181223.192014,JBU575,0.890244,13900.0,235.4
0,20181224.001337,EDV5392,5.489972,11300.0,236.00000000000003
0,20181224.000615,SKW4160,1.924941,13725.0,237.8
0,20181223.192255,VIV3945,3.859882,14050.0,241.40000000000003
0,20181223.235725,AAL2423,2.437,12600.0,238.5
0,20181223.200749,RPA6026,1.435177,13350.0,252.80000000000004
0,20181223.201826,RPA5870,2.111093,13525.0,238.20000000000005
0,20181223.234416,DAL2947,4.456998,11050.0,235.6
0,20181223.204825,AMX409,0.470652,10800.0,235.3
0,20181223.234240,RPA5869,2.586722,13175.0,239.10000000000002
0,20181223.205418,JBU719,1.3281920000000003,14700.0,233.00000000000003
0,20181223.233601,DAL969,1.0809630000000001,12725.0,235.90000000000003
0,20181223.205705,DAL2870,0.9466670000000001,12350.0,235.80000000000004
0,20181223.231114,AAL302,1.831325,12625.0,237.50000000000003
0,20181223.230531,JBU477,0.897125,13250.0,236.00000000000003
0,20181223.230005,AMX403,0.380671,14150.0,234.1
0,20181223.225707,JBU1013,0.8211050000000002,12400.0,235.10000000000005
0,20181223.212015,ENY3716,0.746062,14175.0,234.80000000000007
0,20181223.225113,AIJ2997,0.316401,11875.0,234.19999999999996
0,20181223.212225,SLI415,1.292073,14325.0,235.00000000000006
0,20181223.213255,EDV5369,0.459028,13650.0,234.90000000000006
0,20181223.213824,DAL2477,0.704679,13475.0,235.90000000000003
0,20181223.222213,DAL1993,1.161992,13375.0,236.10000000000002
0,20181223.181628,AAL429,1.398695,13625.0,232.20000000000002
0,20181223.140036,DAL2793,4.306336,10825.0,233.30000000000007
0,20181224.005231,AAL1638,1.009326,13800.0,233.30000000000007
0,20181224.010337,QFA12,0.739306,12025.0,235.20000000000002
0,20181223.141502,RPA6130,2.322697,12775.0,238.6
0,20181223.142511,JBU2423,2.478759,12175.0,239.4
0,20181223.143320,EDV5161,0.798103,12950.0,235.5
0,20181223.143704,EDV5226,0.443761,13000.0,234.19999999999996
0,20181223.143903,JBU323,1.167495,11975.0,236.40000000000006
0,20181223.145058,DAL481,0.8543,13175.0,233.9
0,20181223.145300,DAL2536,1.896953,12775.0,237.60000000000002
0,20181224.025520,JBU429,0.4394620000000001,14125.0,235.10000000000005
0,20181223.150637,SKW3937,0.280382,12225.0,235.10000000000005
0,20181223.150956,JBU921,4.680126,11250.0,234.7
0,20181224.024027,JBU1295,1.32656,13350.0,245.00000000000006
0,20181224.022555,JBU225,4.733877,12700.0,236.40000000000006
0,20181223.151909,JBU243,1.637342,10775.0,236.40000000000006
0,20181223.152502,JBU795,0.736482,11775.0,233.70000000000002
0,20181223.153948,HAL51,1.6979549999999999,10825.0,237.50000000000003
0,20181223.154239,EDV5160,0.357553,12750.0,234.7
0,20181223.154821,EJA344,0.563319,11925.0,235.00000000000006
0,20181224.170407,DAL2781,0.41802199999999995,15000.0,234.30000000000004
0,20181224.020031,DAL2199,0.613694,13950.0,234.60000000000002
0,20181224.015833,AAL1240,5.154185,13025.0,236.10000000000002
0,20181224.015802,JBU97,0.9434420000000001,12175.0,236.20000000000002
0,20181224.015010,AAL300,1.06188,12950.0,236.20000000000002
0,20181224.012224,DAL2915,4.046652,11600.0,237.50000000000003
0,20181224.011800,AAL24,0.808557,12600.0,233.2
0,20181224.011510,JBU65,0.619213,12550.0,233.30000000000007
0,20181223.170247,JBU751,1.46615,13575.0,255.80000000000007
0,20181224.011024,RPA6040,0.4627029999999999,14500.0,233.70000000000002
0,20181224.005744,DAL2757,0.670571,15700.0,234.7
0,20181223.010800,AAL487,0.9907810000000002,11125.0,233.1
0,20181223.221430,JBU1119,0.9477350000000001,11975.0,236.50000000000006
0,20181223.004203,DAL2376,0.168784,13575.0,234.7
0,20181222.220922,JBU89,0.8824190000000002,11975.0,235.5
0,20181222.221428,DAL2477,0.9159680000000001,15100.0,235.4
0,20181224.150827,DAL481,0.9245850000000001,13525.0,232.90000000000003
0,20181222.222914,JBU477,0.9240010000000001,13825.0,233.2
0,20181224.155356,JBU751,1.553605,11850.0,231.6
0,20181222.223803,JBU359,1.552135,13250.0,237.50000000000003
0,20181222.224707,AIJ2997,2.616604,12450.0,238.90000000000003
0,20181222.225241,RPA4415,1.400717,12825.0,236.9
0,20181222.225744,DAL1993,0.679736,15000.0,233.60000000000002
0,20181222.195513,VIV3945,0.297751,14225.0,234.19999999999996
0,20181222.231846,JBU1013,0.651487,14450.0,234.90000000000006
0,20181222.232644,AMX403,0.721814,14325.0,233.30000000000007
0,20181224.162516,JBU423,1.382093,12375.0,232.00000000000003
0,20181224.162821,JBU149,0.751961,11950.0,234.60000000000002
0,20181224.163134,JBU1407,1.0618770000000002,14900.0,233.30000000000007
0,20181224.151044,JBU921,0.395338,11950.0,235.00000000000006
0,20181224.163715,JBU1691,0.71729,13250.0,233.40000000000006
0,20181224.152122,JBU795,0.560461,14000.0,233.8
0,20181222.214245,JBU575,0.423716,13675.0,233.40000000000006
0,20181222.203512,RPA6048,0.302746,13950.0,234.1
0,20181223.005608,JBU611,0.695616,11375.0,235.00000000000006
0,20181222.203702,JBU325,0.548789,13100.0,233.70000000000002
0,20181222.204407,JBU719,0.528491,13125.0,234.30000000000004
0,20181222.204925,DAL2870,2.864608,14000.0,239.10000000000002
0,20181222.205238,JBU1323,0.227891,11675.0,234.80000000000007
0,20181224.154129,AAL2369,1.40441,13450.0,232.00000000000003
0,20181222.201916,ENY3787,0.7871340000000001,13750.0,235.80000000000004
0,20181224.154721,DAL2998,1.5189149999999998,14575.0,232.20000000000002
0,20181222.201135,JBU351,2.882208,14075.0,241.30000000000004
0,20181222.211027,DAL2755,0.584306,12750.0,234.40000000000003
0,20181222.212847,ENY3716,0.522756,12150.0,234.50000000000003
0,20181222.201008,JBU523,0.234917,12500.0,234.7
0,20181222.200559,AAL1434,0.055412,11575.0,234.80000000000007
0,20181222.213501,JBU915,2.563529,12550.0,239.4
0,20181222.215717,EDV5369,1.498138,14250.0,231.80000000000007
0,20181222.194617,JBU581,0.736532,15700.0,234.80000000000007
0,20181222.202838,AMX409,1.345525,14350.0,237.2
0,20181223.001648,AAL2772,0.4760849999999999,11750.0,234.50000000000003
0,20181223.001357,SKW4160,0.8462170000000001,12825.0,234.19999999999996
0,20181222.191821,EDV5550,0.212078,14775.0,234.19999999999996
0,20181222.191519,JBU1729,0.40806300000000006,12275.0,234.40000000000003
0,20181222.235005,DAL2947,0.962134,14100.0,234.19999999999996
0,20181224.163938,JBU243,0.700496,15100.0,234.7
0,20181223.002140,DAL2037,1.287221,14250.0,232.59999999999997
0,20181222.234008,QFA12,0.391858,13275.0,234.7
0,20181224.165817,DAL2634,1.487953,13525.0,254.8
0,20181222.233338,AAL302,1.7971309999999998,12525.0,243.00000000000003
1,20181223.160959,SKW3642,5.707407,6800.0,43.99999999999999
1,20181227.130657,FFT1462,5.712279,6375.0,44.10000000000001
1,20181222.193223,SWA5853,5.709252,8250.0,43.99999999999999
1,20181229.162220,SKW3713,5.70001,8925.0,44.10000000000001
1,20181223.162555,DAL2151,5.696267,8075.000000000001,44.3
1,20181226.210735,AAL1457,5.202076,9525.0,44.3
1,20181227.125748,SWA786,5.722358,6375.0,44.39999999999999
1,20181227.125343,SKW4149,5.721029,6375.0,44.10000000000001
1,20181229.233256,DAL2698,5.797953,7775.0,44.2
1,20181223.162311,ENY3575,5.707298,6800.0,43.99999999999999
1,20181223.161836,AAL2669,5.742287,6800.0,44.3
1,20181229.163001,DAL2151,5.060208,8650.0,44.10000000000001
1,20181227.124738,SKW3870,5.746241,9400.0,44.2
1,20181223.154123,SKW4116,5.71581,8525.0,44.6
1,20181229.163310,SKW3642,5.791555,7575.0,44.39999999999999
1,20181227.124025,SKW3685,5.884544,7925.0,44.3
1,20181227.131135,ENY3780,5.86143,6375.0,44.2
1,20181229.163917,SWA3038,5.696267,6950.0,44.39999999999999
1,20181229.170420,AAL1639,5.722092,7200.0,44.10000000000001
1,20181222.193534,SWA6948,5.710022,8250.0,44.3
1,20181223.160657,DAL2277,5.748971,6800.0,44.2
1,20181229.225606,AAL2809,5.919799,6900.0,43.8
1,20181229.192050,DAL2683,3.909342,7600.0,44.10000000000001
1,20181229.185120,ENY3493,5.86275,8825.0,43.7
1,20181229.225252,DAL2646,5.697842,8400.0,44.2
1,20181222.200210,DAL2524,5.717857,8200.0,44.2
1,20181223.212251,DAL1174,5.733777,7350.0,44.2
1,20181223.205244,DAL2171,5.711811,8325.0,44.2
1,20181223.151735,EDV5068,5.943578,6800.0,40.6
1,20181223.140752,DAL2169,5.695793,8175.0,44.2
1,20181227.164934,ENY3335,5.171045,8550.0,44.2
1,20181223.141052,DAL1428,5.742899,9225.0,43.99999999999999
1,20181222.202720,DAL2275,5.703608,7975.0,44.2
1,20181223.141546,AAL1554,5.745736,7725.0,44.2
1,20181227.160532,DAL2277,5.724761,7375.0,44.3
1,20181223.142312,DAL773,5.730073,8925.0,43.9
1,20181229.151724,SKW4116,5.724042,7925.0,44.2
1,20181223.142744,DAL1526,5.746269,9225.0,44.10000000000001
1,20181223.143023,DAL1619,5.729056,7200.0,44.2
1,20181223.220049,DAL1473,4.726768,6850.0,44.2
1,20181226.194628,EDV5383,5.823909,6525.0,44.10000000000001
1,20181223.143232,ENY4050,4.086579,7900.0,43.8
1,20181223.215346,RPA4356,5.712084,7400.0,43.99999999999999
1,20181222.191322,EDV5281,5.681512,8725.0,44.3
1,20181229.152152,DAL1573,5.697842,6975.0,43.99999999999999
1,20181223.214245,ENY3943,5.724792,7100.0,44.39999999999999
1,20181229.193655,DAL2294,5.712396,6900.0,44.10000000000001
1,20181223.212821,SKW3737,5.734677,6825.0,44.2
1,20181227.132047,DAL1885,5.77621,6375.0,43.99999999999999
1,20181223.151551,SKW3660,5.404614,7025.0,37.5
1,20181223.151459,DAL1890,5.714248,8500.0,44.10000000000001
1,20181227.132710,DAL2276,4.826765,7750.0,44.10000000000001
1,20181222.200625,EDV5383,5.71647,8275.0,43.9
1,20181227.133223,EDV5312,5.74433,6650.0,44.39999999999999
1,20181223.150901,DAL2362,5.729046,7125.0,44.2
1,20181222.201513,NKS922,5.733839,8525.0,44.10000000000001
1,20181223.214016,DAL883,5.747414,6850.0,44.2
1,20181222.202056,3435,5.722245,7225.0,44.3
1,20181229.152507,AAL1788,5.687475,8950.0,44.10000000000001
1,20181226.202503,NKS922,5.811574,7500.0,44.10000000000001
1,20181226.204755,AAL2068,5.753977,7525.0,44.3
1,20181222.194040,DAL2294,5.705743,7225.0,44.10000000000001
1,20181226.211353,DAL2171,4.368085,6700.0,44.10000000000001
1,20181223.162849,RPA4527,5.695772,7475.0,44.3
1,20181223.200028,SKW3744,5.708359,8000.0,43.9
1,20181226.224709,SKW3737,5.709991,9500.0,43.9
1,20181226.232956,AAL2809,5.658472,9350.0,43.7
1,20181223.194740,DAL2375,5.720077,6850.0,44.10000000000001
1,20181226.233119,DAL1902,5.793604,6725.0,44.3
1,20181223.194411,RPA4702,5.688818,6850.0,44.2
1,20181229.215302,FFT2034,5.728575,7775.0,44.2
1,20181223.193008,AAL1862,5.704012,7025.0,44.39999999999999
1,20181226.235711,EDV5505,5.657131,8775.0,44.3
1,20181229.214714,RPA4335,5.728999,6825.0,44.3
1,20181227.000114,DAL2646,4.868531,7825.0,43.99999999999999
1,20181227.000608,NKS174,5.866101,9475.0,44.7
1,20181222.194707,SKW3744,5.706576,8725.0,44.2
1,20181227.001107,DAL689,5.750913,7225.0,44.3
1,20181226.235500,DAL1473,5.730834,7150.0,43.99999999999999
1,20181229.224534,SWA3025,5.698189,7075.0,43.8
1,20181226.223637,DAL2790,5.720757,7525.0,43.99999999999999
1,20181223.200345,SWA5229,5.049693,6825.0,37.0
1,20181226.213346,DAL1174,5.73788,7025.0,44.10000000000001
1,20181229.221250,DAL1473,5.785211,7725.0,44.2
1,20181223.204420,AAL2068,5.72843,6850.0,44.2
1,20181229.222907,DAL883,5.7422,7775.0,44.2
1,20181223.203934,DAL976,5.717233,7150.0,44.3
1,20181226.214053,EDV5276,5.192412,9525.0,41.5
1,20181226.223506,AAL1722,5.701466,7500.0,44.3
1,20181226.214516,ENY3943,4.420418,9200.0,44.10000000000001
1,20181226.212809,RPA4665,5.745739,6525.0,43.8
1,20181223.201622,DAL2275,4.98809,7750.0,44.2
1,20181226.221147,DAL883,5.744916,8525.0,44.10000000000001
1,20181226.221758,FFT2034,5.813298,9525.0,44.2
1,20181223.200645,DAL1586,5.768115,6825.0,44.2
1,20181223.200524,EDV5157,5.706733,6825.0,44.3
1,20181223.203220,NKS922,5.677718,6975.0,44.3
1,20181226.213050,DAL2758,5.864975,6975.0,44.10000000000001
1,20181229.213450,SWA1189,5.743094,8575.0,44.39999999999999
1,20181227.004450,EDV5487,5.807594,7575.0,43.99999999999999
1,20181227.021245,DAL1925,5.72698,7000.0,44.3
1,20181227.024208,DAL2370,5.729803,7450.0,44.39999999999999
1,20181227.024426,RPA4491,5.709297,9500.0,44.50000000000001
1,20181223.170558,AAL1639,5.724397,8250.0,44.2
1,20181229.201650,NKS922,5.77567,6825.0,44.10000000000001
1,20181229.200733,EDV5015,5.714274,7325.0,44.2
1,20181229.202506,DAL976,5.813036,7925.0,44.2
1,20181223.165526,RPA4509,5.868926,6800.0,44.3
1,20181229.200006,SKW3744,5.698864,7050.0,44.3
1,20181226.211549,ENY3354,5.772232,6775.0,44.50000000000001
1,20181227.052849,SKW3687,5.699212,9475.0,44.2
1,20181227.053847,JBU672,5.678878,9500.0,44.3
1,20181223.163324,DAL8800,5.727665,8700.0,43.9
1,20181229.194848,EDV5383,5.127302,8075.000000000001,44.39999999999999
1,20181223.164502,ENY3343,5.73703,7475.0,44.39999999999999
1,20181227.002012,SKW3655,5.857551,9500.0,44.10000000000001
1,20181223.211726,RPA4665,5.714808,7125.0,44.2
1,20181227.171023,DAL1286,5.772236,6400.0,44.2
1,20181223.191428,DAL1242,5.713214,8325.0,44.3
1,20181229.212302,DAL2758,5.072268,8550.0,43.99999999999999
1,20181227.010048,DAL1994,5.771365,9500.0,42.5
1,20181227.010701,AAL1311,5.712463,9475.0,44.3
1,20181223.210817,DAL2629,5.704454,8250.0,44.50000000000001
1,20181226.212027,DAL2629,5.693556,6625.0,44.39999999999999
1,20181227.020626,AAL313,5.728254,6500.0,44.2
1,20181223.185834,DAL2683,4.432587,8975.0,44.10000000000001
1,20181223.185605,SWA2352,5.697438,8875.0,43.9
1,20181223.185236,ENY3493,5.756216,6825.0,44.10000000000001
1,20181229.204658,DAL928,4.62261,7650.0,44.6
1,20181229.204621,AAL2068,5.680061,8575.0,44.2
1,20181227.012952,DAL1660,5.830529,9500.0,37.9
1,20181229.203124,DAL2275,5.868003,8700.0,44.39999999999999
1,20181229.211142,RPA5894,5.740501,8275.0,44.10000000000001
1,20181222.195442,ENY4015,5.757484,7200.0,44.3
1,20181227.192731,SKW3589,5.704033,6475.0,44.39999999999999
1,20181227.172619,RPA4650,5.745739,7225.0,44.39999999999999
1,20181223.033404,DAL952,5.727851,7000.0,44.2
1,20181228.143855,DAL1526,5.758176,6775.0,37.4
1,20181228.145653,RPA6011,5.082948,7800.0,37.6
1,20181228.150437,DAL2362,5.797487,6800.0,32.8
1,20181228.150930,DAL1890,5.798979,6800.0,36.1
1,20181223.031623,AAL1171,5.710595,7400.0,44.2
1,20181228.151315,AAL1788,5.794712,6750.0,34.7
1,20181228.151601,NKS604,5.715028,7800.0,43.99999999999999
1,20181223.031052,JBU672,5.731657,6975.0,43.99999999999999
1,20181228.151922,EDV5312,5.728705,6800.0,38.5
1,20181228.152156,ENY3933,4.648498,6925.0,44.39999999999999
1,20181228.153236,SHW4116,5.710332,6825.0,44.2
1,20181223.025132,DAL842,5.705743,6975.0,44.39999999999999
1,20181222.232645,RPA5952,5.692253,8350.0,44.3
1,20181223.024938,AAL1942,5.724749,7025.0,44.3
1,20181228.143019,DAL1783,4.736624,7750.0,43.9
1,20181228.230552,DAL2649,5.794886,7675.0,44.39999999999999
1,20181223.034215,ASH6337,5.703584,6975.0,44.2
1,20181228.232206,AAL2443,5.715265,7925.0,44.10000000000001
1,20181228.123111,SKW3791,4.144443,7975.0,44.2
1,20181228.232619,DAL1902,5.723829,7850.0,44.3
1,20181228.125009,SKW4149,5.715995,6700.0,44.2
1,20181228.232408,DAL1886,5.7228,7150.0,44.10000000000001
1,20181228.125531,SKW3870,5.698213,7050.0,44.2
1,20181228.125917,SWA786,5.701755,7075.0,44.2
1,20181228.130144,ENY3550,5.746653,9300.0,44.3
1,20181228.130504,FFT1462,5.753091,9175.0,44.2
1,20181228.130845,SWA6875,5.718817,6725.0,44.2
1,20181228.131141,SKW3599,5.868128,7250.0,44.2
1,20181228.131535,JBU272,5.706084,7175.0,44.10000000000001
1,20181228.131944,JBU198,5.933372,6800.0,44.10000000000001
1,20181228.132308,DAL9931,5.714216,6725.0,44.10000000000001
1,20181228.132855,RPA4563,5.881426,6750.0,31.7
1,20181228.133215,DAL2276,3.688484,6725.0,44.3
1,20181228.231945,AAL2809,5.700745,7825.0,44.50000000000001
1,20181228.155911,NKS300,5.772487,6850.0,43.3
1,20181228.160122,DAL1996,5.394842,6875.0,48.7
1,20181228.160411,ENY4056,5.357766,6875.0,38.6
1,20181228.183011,SKW3824,5.698213,6975.0,44.2
1,20181228.183225,EDV5125,5.892144,7025.0,43.99999999999999
1,20181228.183615,AAL2058,5.706448,7075.0,44.10000000000001
1,20181228.184631,JBU1572,4.593372,7975.0,44.3
1,20181228.185007,DAL966,5.406489,7400.0,44.39999999999999
1,20181228.185309,NKS180,5.733172,7575.0,43.8
1,20181228.190236,SWA6906,5.713957,8850.0,44.50000000000001
1,20181228.190601,AAL1626,5.737889,8275.0,44.10000000000001
1,20181228.190846,DAL1242,5.727633,9925.0,44.2
1,20181228.191713,DAL2683,5.800491,7900.0,44.10000000000001
1,20181228.192018,RPA4506,5.711333,7025.0,44.2
1,20181228.192308,DAL2524,5.821337,7700.0,43.99999999999999
1,20181228.192526,SKW3589,3.817502,9300.0,43.99999999999999
1,20181228.192754,DAL2294,5.753486,9200.0,43.9
1,20181228.193804,JBU398,5.694384,8400.0,44.10000000000001
1,20181228.223259,DAL2646,5.75644,7925.0,43.99999999999999
1,20181228.224856,AAL1722,5.720587,8675.0,43.9
1,20181228.174526,ENY3905,4.59708,8525.0,43.5
1,20181228.172712,AAL1639,5.732658,6975.0,44.2
1,20181228.160946,SWA2492,5.693037,6875.0,44.10000000000001
1,20181228.230153,DAL2409,5.730765,7350.0,44.39999999999999
1,20181228.161731,DAL871,4.986285,6900.0,42.5
1,20181222.233031,N117QS,5.704966,7100.0,43.8
1,20181228.162610,AAL1210,4.73202,6925.0,44.39999999999999
1,20181228.163022,SKW3642,5.700986,7350.0,44.2
1,20181228.163224,DAL2277,5.740048,6925.0,44.50000000000001
1,20181228.121137,AAL1746,5.71757,6750.0,44.2
1,20181228.163724,DAL2630,5.722594,6925.0,44.3
1,20181228.164640,DAL2151,5.939584,6925.0,43.9
1,20181228.165101,RPA4527,5.774141,6925.0,44.10000000000001
1,20181228.225101,RPA4618,5.906733,9700.0,43.9
1,20181228.170855,SKW3759,5.712646,6950.0,44.10000000000001
1,20181223.021400,AAL313,5.692597,7000.0,43.7
1,20181228.171342,RPA4650,5.705205,6950.0,44.3
1,20181228.172233,JBU62,5.425613,6950.0,44.3
1,20181228.164110,AAL2669,5.855212,6925.0,44.10000000000001
1,20181223.061817,AAL1637,5.720801,6500.0,43.99999999999999
1,20181228.115821,ENY3469,5.012525,7150.0,44.7
1,20181228.115633,SKW3685,5.712646,7525.0,44.10000000000001
1,20181223.133619,DAL886,5.73942,7100.0,44.39999999999999
1,20181222.211016,AAL1457,5.744836,8175.0,44.10000000000001
1,20181223.133318,LXJ453,5.724375,8975.0,44.3
1,20181229.125614,SKW3599,5.711615,9975.0,44.10000000000001
1,20181222.212645,RPA4416,5.70732,8150.0,44.2
1,20181227.211429,DAL2629,5.71812,7925.0,44.10000000000001
1,20181227.212341,LXJ472,5.69901,8450.0,44.2
1,20181227.212613,AAL1457,5.732874,7400.0,44.3
1,20181227.212751,RPA4665,5.705691,7050.0,43.99999999999999
1,20181222.213108,EDV5276,5.701865,8150.0,44.10000000000001
1,20181227.212942,DAL2171,5.724883,7875.0,44.2
1,20181227.213135,EDV5276,5.71232,7425.0,44.3
1,20181227.214912,2034,5.769945,9200.0,44.3
1,20181222.220052,SWA2986,5.701204,7100.0,44.10000000000001
1,20181227.221739,DAL883,5.739181,7400.0,44.10000000000001
1,20181223.133946,JBU198,5.719334,7750.0,44.2
1,20181222.210642,AAL2068,5.721807,9150.0,44.2
1,20181227.203159,ENY3354,4.855156,7650.0,45.0
1,20181222.210224,DAL2171,5.742146,8175.0,44.10000000000001
1,20181227.181454,JBU1572,5.730902,7375.0,43.99999999999999
1,20181227.181852,ENY3905,5.6768,6325.0,43.5
1,20181227.182428,SKW3824,5.715561,6375.0,44.10000000000001
1,20181227.182935,EDV3352,5.763206,6950.0,44.3
1,20181227.183829,AAL2058,5.68991,6375.0,44.3
1,20181227.190645,SWA2352,5.720655,7350.0,43.99999999999999
1,20181227.190838,DAL966,5.721552,6400.0,44.3
1,20181227.221908,SKW3737,5.344344,6425.0,44.2
1,20181227.191312,DAL2683,5.830529,6400.0,44.2
1,20181227.191815,DAL1242,5.745178,7625.0,44.2
1,20181227.192128,AAL1626,5.744079,6250.0,44.10000000000001
1,20181227.192850,DAL2375,5.746269,7400.0,43.99999999999999
1,20181229.132542,SKW4149,5.740345,9975.0,44.2
1,20181227.201436,JBU362,5.39287,6400.0,48.1
1,20181227.201733,RPA4498,5.203765,6400.0,47.7
1,20181227.201900,EDV5157,5.142269,6400.0,47.2
1,20181227.191513,EDV5015,5.666633,6375.0,44.6
1,20181222.203325,AAL1556,5.732874,8200.0,44.6
1,20181227.222322,AAL1722,5.768209,6800.0,44.2
1,20181227.225248,SWA5998,5.720407,8175.0,44.10000000000001
1,20181228.022552,AAL313,4.68763,9425.0,44.10000000000001
1,20181228.023205,RPA4491,5.203765,9150.0,44.2
1,20181229.010534,AAL1893,5.745733,7425.0,44.10000000000001
1,20181229.005723,AAL1311,5.708778,9900.0,43.99999999999999
1,20181228.030126,ENY3604,5.846082,9450.0,43.99999999999999
1,20181222.230037,RPA4374,5.737968,7150.0,43.9
1,20181229.003135,SKW3655,5.746135,8425.0,44.10000000000001
1,20181229.002942,SKW3669,5.835723,7100.0,44.2
1,20181228.031826,SWA2311,5.691413,7750.0,44.10000000000001
1,20181228.033853,AAL1171,5.737448,6500.0,44.10000000000001
1,20181222.231520,DAL1886,5.730073,7100.0,44.3
1,20181228.052215,JBU698,5.686099,9425.0,44.3
1,20181222.231817,AAL2809,5.726124,7075.0,44.10000000000001
1,20181228.055032,DAL2370,5.837542,9550.0,44.3
1,20181228.235355,DAL2790,5.718647,7000.0,44.2
1,20181229.010726,DAL1994,5.722594,7375.0,43.99999999999999
1,20181229.011614,AAL2716,5.706943,8000.0,44.39999999999999
1,20181228.021552,JBU672,5.01903,6425.0,43.99999999999999
1,20181228.015859,JBU1198,5.733151,6575.0,44.10000000000001
1,20181227.230032,DAL2409,5.748571,9325.0,44.3
1,20181227.231318,DAL2698,5.722322,7375.0,44.2
1,20181227.232449,SKW4126,5.703313,9025.0,43.99999999999999
1,20181227.233632,RPA4659,5.709297,9400.0,44.3
1,20181223.122329,SKW3685,4.410658,8075.000000000001,44.2
1,20181228.000246,DAL689,5.901782,7925.0,44.2
1,20181228.003012,RPA4652,5.678431,9400.0,44.2
1,20181222.220451,N803JS,5.707086,7125.0,43.5
1,20181228.003631,SKW3655,5.692253,8800.0,43.9
1,20181229.021013,JBU698,5.378967,8075.000000000001,44.2
1,20181223.121754,SKW3791,5.708359,6825.0,44.3
1,20181228.012418,AAL1893,5.702997,9350.0,44.2
1,20181222.224550,FFT2034,5.720595,7100.0,43.99999999999999
1,20181223.114618,EDV5125,5.701865,7775.0,44.3
1,20181228.015140,DAL976,4.321112,8025.0,44.2
1,20181223.220721,DAL2790,5.718079,6850.0,44.2
1,20181228.005750,DAL1994,4.664779,9300.0,44.10000000000001
1,20181228.015617,JBU1262,4.280634,6400.0,44.10000000000001
1,20181227.123435,SKW3791,5.665059,6375.0,44.10000000000001
1,20181224.040143,AAL360,5.683798,6875.0,43.99999999999999
1,20181224.223632,DAL987,5.829667,7750.0,44.50000000000001
1,20181224.224312,AAL312,5.70858,9850.0,44.2
1,20181225.031325,SWA2311,5.743851,9825.0,44.2
1,20181224.224721,AAL2809,5.731911,9250.0,43.8
1,20181225.031104,AAL1171,5.712062,9825.0,43.99999999999999
1,20181224.224850,DAL2409,5.763147,7575.0,44.39999999999999
1,20181225.163151,EDV5240,5.872138,6675.0,44.10000000000001
1,20181224.140204,SKW3952,5.702195,7275.0,44.10000000000001
1,20181225.223805,JBU362,5.697797,7650.0,44.10000000000001
1,20181224.225124,SWA2253,5.7356,8400.0,44.3
1,20181225.224757,EJA928,5.750416,6650.0,44.39999999999999
1,20181225.161248,DAL2277,5.721356,7500.0,43.99999999999999
1,20181224.140406,DAL1428,5.750305,7375.0,44.3
1,20181225.225534,DAL987,5.726124,6800.0,43.99999999999999
1,20181226.142742,DAL1428,5.720686,8000.0,44.3
1,20181224.225336,DAL1902,5.744102,6875.0,44.3
1,20181225.023228,SWA40,5.709252,9850.0,44.3
1,20181225.032103,AAL2708,5.757235,9800.0,44.10000000000001
1,20181225.221608,AAL1722,5.798521,6650.0,44.10000000000001
1,20181224.125901,ENY3780,5.952723,7175.0,44.7
1,20181225.220250,DAL883,5.726944,6650.0,43.8
1,20181225.213554,SKW3583,5.461062,7000.0,44.2
1,20181225.163653,AAL2669,5.712463,6675.0,44.10000000000001
1,20181225.213845,RPA5872,5.69942,7800.0,44.3
1,20181226.133328,ENY3780,4.928001,9350.0,44.50000000000001
1,20181226.154207,AAL1554,5.733727,6475.0,43.9
1,20181224.154727,ASH6222,5.68214,8950.0,43.9
1,20181224.212437,SWA64,5.712062,8600.0,44.6
1,20181224.213045,FFT2034,5.74889,9900.0,44.50000000000001
1,20181225.230306,DAL2646,5.695309,6675.0,44.10000000000001
1,20181224.032605,AAL1171,5.696649,7025.0,44.10000000000001
1,20181224.221035,DAL2790,5.727633,6925.0,44.10000000000001
1,20181224.053955,SWA4321,5.734174,9200.0,43.8
1,20181224.221536,SKW3583,5.709252,7150.0,44.2
1,20181224.002719,SKW3600,5.700992,8675.0,44.2
1,20181224.003628,DAL1660,5.876232,7850.0,44.2
1,20181224.054244,DAL2820,5.736228,9800.0,44.3
1,20181224.222707,DAL2646,5.72753,7125.0,44.39999999999999
1,20181224.223335,AAL1722,5.71876,7700.0,44.6
1,20181226.153547,SWA2492,5.716191,9450.0,44.10000000000001
1,20181225.022939,AAL1191,5.753128,9850.0,44.3
1,20181226.124337,SKW3685,5.710773,9500.0,44.2
1,20181224.230605,DAL2649,5.712863,9375.0,44.2
1,20181226.022702,FFT1596,5.712279,7600.0,44.10000000000001
1,20181224.025004,DAL2108,5.821717,7550.0,44.3
1,20181224.115713,EDV3394,5.786985,6900.0,44.10000000000001
1,20181226.134928,EDV3479,5.91751,6475.0,44.50000000000001
1,20181224.150301,SKW3660,5.710773,7850.0,44.2
1,20181224.140930,DAL2169,5.713266,8700.0,43.99999999999999
1,20181224.024216,AAL1210,5.250395,6925.0,44.3
1,20181225.143714,NKS604,5.881571,9650.0,43.8
1,20181224.142010,DAL1526,5.73705,9825.0,44.2
1,20181226.134703,SKW3870,5.707878,7075.0,44.3
1,20181224.141234,DAL1783,5.71177,6900.0,44.10000000000001
1,20181224.141105,DAL669,5.720077,8325.0,44.39999999999999
1,20181226.134246,RPA4563,5.737968,7475.0,44.3
1,20181225.142147,AAL1554,5.754418,9650.0,39.3
1,20181224.150408,SKW3694,5.792925,7850.0,44.2
1,20181226.133844,ENY3931,3.9501,9425.0,44.3
1,20181225.135420,DAL1762,5.82088,9700.0,44.3
1,20181224.022232,ASH6334,5.805412,6825.0,44.3
1,20181225.004621,AAL1311,5.706494,9300.0,43.8
1,20181224.002150,AAL1893,5.725099,7275.0,44.50000000000001
1,20181225.011658,UAL2094,5.686574,9825.0,44.3
1,20181224.013835,SKW3687,5.707407,7825.0,44.2
1,20181224.030642,DAL442,5.740946,9475.0,44.2
1,20181225.014851,AAL1011,5.76852,9800.0,43.99999999999999
1,20181225.231639,EDV5362,4.389046,9625.0,43.99999999999999
1,20181225.133126,RPA4320,5.750185,7600.0,44.3
1,20181224.142604,AAL1554,5.701327,8075.000000000001,44.3
1,20181224.140602,SWA2178,5.692594,7650.0,44.39999999999999
1,20181224.133127,SKW3665,5.714799,6875.0,44.900000000000006
1,20181226.141728,DAL2169,4.861198,7475.0,44.39999999999999
1,20181224.121149,EDV3363,5.706733,6900.0,44.10000000000001
1,20181225.013422,JBU672,5.705531,7500.0,44.39999999999999
1,20181224.011740,DAL1867,5.717037,7100.0,44.10000000000001
1,20181225.152228,SWA2036,5.728789,8275.0,43.99999999999999
1,20181225.152017,SKW3952,5.719951,6650.0,43.99999999999999
1,20181224.153025,SWA640,5.706945,9350.0,43.9
1,20181225.234544,JBU398,5.740145,7525.0,44.39999999999999
1,20181224.150040,DAL2362,5.764491,6850.0,44.3
1,20181224.140750,DAL1755,5.708858,7925.0,44.2
1,20181224.234537,NKS174,4.617734,6900.0,44.10000000000001
1,20181226.022846,AAL1191,5.866412,6450.0,37.3
1,20181224.211415,SWA744,5.724522,9850.0,44.10000000000001
1,20181225.163350,RPA4527,5.732738,6675.0,44.10000000000001
1,20181226.154425,RPA4324,5.703313,6475.0,44.3
1,20181225.205648,UAL1254,5.896139,6650.0,36.2
1,20181224.134335,RPA4320,5.740645,8250.0,44.10000000000001
1,20181224.161242,AAL1263,5.735857,9325.0,44.50000000000001
1,20181226.123413,SKW3791,5.884544,8725.0,37.2
1,20181223.223422,RPA4413,5.706576,6850.0,44.10000000000001
1,20181223.222651,AAL1722,5.717833,7700.0,43.9
1,20181223.234557,RPA4332,5.688228,6925.0,43.99999999999999
1,20181226.191242,NKS180,5.702249,8525.0,44.10000000000001
1,20181224.160538,DAL2630,5.249173,9425.0,44.3
1,20181226.191533,DAL2683,5.871694,7125.0,44.3
1,20181225.210415,EDV3429,5.733403,9200.0,43.599999999999994
1,20181224.175015,SKW4116,5.461062,6950.0,42.6
1,20181226.184512,SKW3824,5.715533,7125.0,44.10000000000001
1,20181226.164353,RPA4527,5.70732,6525.0,44.2
1,20181226.122611,AAL1746,5.740702,9400.0,43.99999999999999
1,20181223.234951,EDV5505,5.126625,7175.0,44.2
1,20181226.171240,AAL1639,5.698562,6925.0,44.10000000000001
1,20181226.171458,JBU62,4.868127,6525.0,44.3
1,20181224.180700,EDV5397,5.700959,9300.0,43.7
1,20181224.034134,ASH6337,5.673402,7825.0,43.9
1,20181224.133556,ENY3931,5.728902,7725.0,44.3
1,20181224.181902,AAL1639,5.768209,9975.0,44.50000000000001
1,20181224.134054,EDV3479,5.721514,6850.0,43.99999999999999
1,20181224.182842,SWA1186,5.727068,8475.0,44.900000000000006
1,20181224.175650,AAL1056,5.737889,7400.0,43.599999999999994
1,20181226.181132,DAL2418,5.72698,6550.0,44.10000000000001
1,20181224.040901,SWA2311,5.782052,6825.0,44.3
1,20181223.233451,NKS174,5.783619,9400.0,44.2
1,20181224.192408,DAL2375,5.822841,7900.0,44.2
1,20181226.174117,DAL1395,5.826824,6525.0,44.6
1,20181226.171958,SKW3759,5.787542,6500.0,43.9
1,20181223.234356,SWA6668,5.754263,6850.0,44.3
1,20181224.033835,NKS710,5.753755,7250.0,44.50000000000001
1,20181226.191736,DAL2524,5.729803,7075.0,44.3
1,20181224.173932,ENY3905,5.73239,8325.0,44.3
1,20181225.131320,JBU272,5.712494,6750.0,44.39999999999999
1,20181226.163858,AAL2669,5.721823,6650.0,44.39999999999999
1,20181225.172153,DAL758,5.717293,6700.0,44.10000000000001
1,20181226.160308,DAL2277,5.722685,6575.0,44.2
1,20181225.212409,DAL1374,5.142578,7525.0,42.7
1,20181224.210419,DAL2171,3.659642,7075.0,43.99999999999999
1,20181225.171604,NKS718,5.720782,6700.0,44.10000000000001
1,20181225.212309,SKW4154,5.700986,6650.0,44.3
1,20181226.155739,ASH6222,5.671158,6475.0,44.10000000000001
1,20181225.212946,EDV3392,4.93899,6675.0,44.10000000000001
1,20181225.035520,AAL360,5.768681,6700.0,37.8
1,20181225.132154,FFT1462,5.778539,6675.0,44.3
1,20181225.164902,ENY3335,5.746653,6700.0,44.2
1,20181225.213308,FFT2034,5.764818,7600.0,44.3
1,20181224.001523,AAL332,5.710641,6850.0,44.2
1,20181225.165557,UAL1573,5.743949,7475.0,44.39999999999999
1,20181224.210241,SWA223,5.749947,9900.0,44.3
1,20181226.160534,NKS300,4.709417,6475.0,44.10000000000001
1,20181225.172336,JBU62,5.855745,6725.0,43.99999999999999
1,20181226.163412,DAL2151,5.766718,6875.0,44.10000000000001
1,20181226.192141,DAL1242,5.932831,8850.0,43.99999999999999
1,20181224.160116,DAL2277,5.718044,9850.0,44.2
1,20181226.162921,DAL2630,4.960332,6475.0,44.10000000000001
1,20181224.155759,NKS300,5.71699,8825.0,44.10000000000001
1,20181224.205059,AAL2068,5.714804,9000.0,44.3
1,20181225.212143,DAL1924,5.314679,7200.0,36.2
1,20181224.205626,AAL1457,5.720855,9375.0,44.10000000000001
1,20181226.184656,DAL966,4.234534,8625.0,44.3
1,20181224.000140,DAL689,5.807376,7975.0,44.2
1,20181226.161338,SKW3642,5.699212,6475.0,43.9
1,20181224.173613,DAL1395,4.602444,7800.0,44.10000000000001
1,20181225.131749,JBU198,5.771112,6700.0,44.39999999999999
2,20181225.112515,AAL1196,0.392178,12150.0,159.9
2,20181223.013813,UAL64,0.403416,6700.0,159.4
2,20181228.193448,RPA3432,0.41788100000000006,6050.0,159.3
2,20181225.135117,UAL1627,4.461405,11200.0,181.0
2,20181224.141520,UAL1486,0.622631,6225.0,159.3
2,20181225.114621,NKS705,4.153368,13325.0,194.20000000000002
2,20181228.194315,JBU1527,0.629683,6275.0,162.3
2,20181228.194543,UAL991,0.366659,6100.0,159.2
2,20181223.020912,UAL1149,0.697328,6175.0,160.0
2,20181225.121130,UAL1080,5.615457,8975.0,159.6
2,20181224.143948,245,0.419088,6600.0,159.9
2,20181225.132307,DAL2618,1.4783380000000002,14400.0,188.70000000000002
2,20181228.183733,NKS791,0.425447,7300.0,159.7
2,20181224.143458,UAL1465,0.48635,6325.0,159.1
2,20181224.143234,UAL1444,0.488564,6500.0,159.0
2,20181223.014016,UAL51,0.39579299999999995,6100.0,159.4
2,20181225.130500,SWA2625,4.851017,9800.0,180.5
2,20181225.132931,JBU1505,0.525303,6100.0,159.4
2,20181228.182651,JBU305,1.16348,11150.0,159.7
2,20181228.173234,JBU1827,0.31384,6325.0,159.3
2,20181224.142718,UAL1514,0.614958,5850.0,159.3
2,20181228.190709,JBU893,0.56834,6000.0,159.5
2,20181225.122823,N543PB,0.352874,8425.0,159.5
2,20181225.122514,JBU811,5.745329,10100.0,159.2
2,20181228.181451,UAL380,2.103842,6000.0,160.0
2,20181228.175838,AAL1060,0.338367,6075.0,159.5
2,20181225.120109,JBU1143,0.403251,6125.0,159.7
2,20181223.015907,UAL711,0.478297,6375.0,159.1
2,20181224.143717,UCA4894,1.0764870000000002,6400.0,161.0
2,20181225.130152,UAL1520,2.956302,11200.0,169.6
2,20181225.140302,UAL1486,0.535854,8975.0,159.6
2,20181226.192321,RPA3432,0.4547840000000001,6000.0,159.1
2,20181223.021605,UAL1857,0.402095,6225.0,159.4
2,20181223.035137,UAL149,0.365578,7425.0,158.6
2,20181223.042020,UCA4912,0.390096,6100.0,159.8
2,20181223.043007,UAL318,0.8640559999999999,11300.0,159.5
2,20181223.043635,NAX76C,0.425761,8675.0,159.7
2,20181224.135232,UAL1523,0.50625,5875.0,159.5
2,20181228.132833,UAL1048,0.37975600000000004,5750.0,159.0
2,20181225.165225,UAL1102,2.301142,14675.0,172.1
2,20181225.172505,N768QS,4.222179,13450.0,167.5
2,20181223.052155,JBU1443,0.41953,11025.0,159.3
2,20181225.174214,UAL678,0.371921,7550.0,159.3
2,20181225.174700,NKS197,4.378666,14350.0,193.20000000000005
2,20181225.175131,AAL1060,0.47225799999999996,14400.0,159.0
2,20181225.175612,UAL380,0.627038,14950.0,159.4
2,20181225.175913,ENY3933,4.420418,13900.0,193.20000000000005
2,20181228.124123,NKS139,0.350865,6750.0,159.6
2,20181228.123959,JBU1289,0.515389,5825.0,159.3
2,20181228.123611,JBU811,0.479526,6375.0,159.4
2,20181228.070042,1471,1.081866,11325.0,173.3
2,20181228.112604,JBU27,0.360894,10975.0,159.6
2,20181228.112830,AAL1196,0.279176,10375.0,159.3
2,20181228.113200,SWA4045,0.46001,6000.0,159.3
2,20181228.113532,RPA3540,0.352159,10150.0,159.4
2,20181225.192511,RPA3432,1.8488250000000002,14975.0,169.5
2,20181228.140353,UAL1523,0.329396,5825.0,159.4
2,20181228.115451,JBU1143,0.737429,5825.0,129.1
2,20181223.064812,ETH513,0.7668100000000001,10775.0,159.2
2,20181224.134255,JBU1505,0.447452,5950.0,159.3
2,20181223.054602,NKS1035,0.343779,11300.0,159.1
2,20181228.120922,UAL1109,0.529238,10775.0,158.6
2,20181228.121524,UAL2251,0.346505,8125.0,159.1
2,20181224.135012,UAL1287,0.519602,6000.0,159.4
2,20181228.115827,UAL1456,0.407947,5650.0,159.8
2,20181223.034624,JBU1389,0.344785,8400.0,159.2
2,20181228.141840,DAL913,0.373227,15675.0,157.9
2,20181228.142323,RPA3430,0.7792110000000001,5725.0,186.3
2,20181225.145353,JBU971,3.920695,13625.0,192.8
2,20181228.160153,,0.511889,6200.0,160.0
2,20181225.145036,FFT2035,4.307731,14425.0,193.30000000000004
2,20181225.144816,JBU643,0.359671,5900.0,186.9
2,20181225.144631,JBU927,0.440958,5750.0,159.2
2,20181228.161618,RPA3431,0.364438,6450.0,159.2
2,20181228.155007,UAL754,0.350865,7300.0,159.3
2,20181225.144108,UAL1548,0.358442,6400.0,159.0
2,20181225.143247,UAL1519,0.47331500000000004,9300.0,159.1
2,20181225.142715,DAL925,1.7819189999999998,15325.0,189.70000000000002
2,20181228.164144,PTBYZ,0.9788460000000001,14775.0,159.3
2,20181225.141344,UAL1553,0.352763,5700.0,158.8
2,20181228.164951,UAL1102,0.335494,6050.0,160.1
2,20181225.140821,UAL1523,0.379264,5700.0,159.4
2,20181228.162646,UAL1470,0.38014,6050.0,158.6
2,20181228.170726,EJA154,0.347496,6150.0,159.5
2,20181225.151527,UAL1042,0.317385,12025.0,158.9
2,20181223.025706,NKS1159,0.43336099999999994,7575.0,158.8
2,20181228.143504,UAL356,1.5723580000000001,6225.0,184.4
2,20181223.032814,UAL2333,0.688902,11850.0,159.2
2,20181223.011801,DAL896,0.648346,15250.0,186.9
2,20181228.144821,UAL1287,0.437841,5725.0,159.1
2,20181223.031800,UAL979,0.326177,8000.0,156.9
2,20181228.145504,UAL1519,1.0383170000000002,5750.0,173.2
2,20181228.152953,UAL1042,0.378376,6600.0,159.0
2,20181225.161005,UAL1649,5.372994,13275.0,182.0
2,20181228.151047,EJM19,1.775654,5800.0,159.5
2,20181225.160208,UAL1449,0.607946,5675.0,157.1
2,20181225.160011,UCA4959,0.540642,5625.0,132.6
2,20181225.154122,ASQ4277,2.263113,14025.0,183.8
2,20181223.025902,UAL1552,0.299083,6075.0,158.9
2,20181225.152320,UAL1624,0.49117099999999997,5925.0,159.0
2,20181225.160407,LXJ590,0.367641,5675.0,182.6
2,20181223.032226,UAL1084,0.346604,8575.0,153.6
2,20181222.230211,N18S,0.417171,15625.0,162.1
2,20181223.011704,UAL120,0.588828,6150.0,159.2
2,20181229.142346,UAL1486,1.3325270000000002,6525.0,136.6
2,20181222.202357,UAL662,0.44262499999999994,6250.0,159.8
2,20181229.150428,UAL1519,0.9562290000000001,5900.0,149.5
2,20181229.150601,UAL754,0.362769,5975.0,158.7
2,20181229.150856,UAL1514,0.4275649999999999,6375.0,158.9
2,20181224.221914,JBU1511,0.9907679999999999,11650.0,151.6
2,20181229.153855,DAL425,5.072268,14125.0,195.40000000000006
2,20181224.214536,UAL2293,2.088072,15000.0,152.6
2,20181229.154918,UAL1624,0.350255,5925.0,158.7
2,20181222.200515,UAL1021,0.339848,6275.0,158.9
2,20181229.161811,RPA3431,0.495948,6050.0,159.4
2,20181224.155255,UAL1449,0.638015,12925.0,150.7
2,20181224.211507,UAL1222,0.397841,5950.0,159.1
2,20181229.163534,JBU313,0.422678,5925.0,158.7
2,20181229.163640,SWA4112,0.8257500000000001,5925.0,159.5
2,20181229.141608,,0.332354,6925.0,159.0
2,20181222.203344,UAL1538,0.625186,6250.0,158.7
2,20181229.140138,UAL1523,0.438945,5950.0,159.5
2,20181229.140008,OPT370,0.619725,12800.0,159.6
2,20181224.232824,TAP214,0.34461,7525.0,159.3
2,20181222.212324,UAL2406,0.362934,6175.0,159.4
2,20181224.231047,UAL366,0.62387,6725.0,185.1
2,20181222.210900,ASQ4056,0.383962,6225.0,159.2
2,20181224.225725,UAL40,0.43804999999999994,7500.0,159.4
2,20181222.210419,UAL1790,0.54755,6825.0,159.3
2,20181224.225426,UAL287,0.492301,6175.0,185.2
2,20181224.211038,UAL2332,4.921878,9400.0,180.6
2,20181229.132442,DAL2150,0.7815810000000001,15775.0,187.8
2,20181229.133010,UAL1797,0.3963360000000001,5950.0,158.3
2,20181229.133321,UAL1784,0.46178900000000006,6175.0,159.8
2,20181229.133438,EDV5144,0.615399,15250.0,186.7
2,20181224.225125,AAL1580,0.328028,5900.0,159.1
2,20181229.134524,UAL1287,0.36613,7175.0,158.2
2,20181222.204720,RPA3463,0.359382,6225.0,159.2
2,20181224.224929,JBU227,0.391612,5875.0,159.2
2,20181229.132903,DAL2618,0.8611980000000001,15350.0,185.9
2,20181229.164221,LXJ455,0.608903,5925.0,159.2
2,20181229.164407,JTL762,0.292262,5925.0,159.6
2,20181229.164939,UAL1102,0.9898090000000002,5925.0,150.6
2,20181222.195205,N264PA,0.523578,6200.0,158.4
2,20181229.211502,ASQ4377,2.505303,13175.0,183.4
2,20181224.162259,UAE224,0.48300100000000007,6800.0,159.3
2,20181224.192432,JBU1527,0.550952,5900.0,158.9
2,20181224.191843,UCA4936,0.355101,6750.0,159.1
2,20181229.215508,UAL1065,0.356639,15475.0,159.2
2,20181224.183630,ELY028,0.405811,5925.0,159.3
2,20181229.204923,DAL1982,2.052417,15000.0,191.20000000000002
2,20181224.182819,NKS791,0.348971,6925.0,159.2
2,20181224.181221,UAL380,0.741384,6025.0,132.1
2,20181224.180205,JBU305,0.45992999999999995,6650.0,159.3
2,20181222.193528,EDG600,0.344244,14150.0,164.7
2,20181229.232448,UAL2398,0.784118,15450.0,159.9
2,20181229.233409,TAP202,2.24062,15325.0,171.3
2,20181230.003355,UAL434,0.8612350000000001,15525.0,159.0
2,20181224.173527,JBU1827,0.9604149999999999,11625.0,159.2
2,20181224.164554,UAL1102,2.982217,10850.0,169.8
2,20181229.124626,UAL1183,0.6501,6000.0,159.0
2,20181224.200835,TAI399,0.360815,7250.0,159.1
2,20181224.201344,UAL886,0.345297,6050.0,158.6
2,20181229.165122,GGABY,0.330202,5925.0,160.5
2,20181229.165928,EJM6,2.506519,14925.0,165.6
2,20181229.173302,ENY3970,1.39338,15425.0,188.9
2,20181229.180114,JBU1827,5.027616,14075.0,161.9
2,20181229.183212,AAL1060,0.8284070000000002,11725.0,156.5
2,20181229.185411,UAL1527,5.605126,14175.0,159.6
2,20181229.190514,JBU893,1.899523,13750.0,171.9
2,20181229.204135,ASQ4056,0.7827629999999999,14725.0,156.8
2,20181229.191154,ASQ3978,1.01904,13625.0,159.2
2,20181229.191627,UAL662,1.0359380000000002,15575.0,159.3
2,20181222.195614,ASQ4294,0.329979,6325.0,158.9
2,20181224.203809,RPA3463,0.619195,11825.0,159.3
2,20181224.203617,UAL1783,0.523095,11675.0,159.3
2,20181224.202746,UAL730,0.41781099999999993,6725.0,159.7
2,20181224.202517,UAL1538,0.673948,5900.0,159.0
2,20181224.160244,UAL1624,0.442117,7150.0,158.9
2,20181229.191415,N65295,0.308052,5800.0,158.7
2,20181229.123932,UAL1030,0.536841,6000.0,159.4
2,20181229.123250,NKS139,0.869603,6000.0,163.2
2,20181224.153639,UAL1042,0.345549,8850.0,158.6
2,20181225.043613,NAX76C,5.29727,9400.0,172.7
2,20181225.034741,JBU1443,5.498835,10500.0,162.7
2,20181228.225115,JBU227,1.907312,6300.0,171.9
2,20181225.032735,UAL979,0.41888499999999995,10425.0,159.5
2,20181225.032159,UAL149,0.40297900000000003,5900.0,158.9
2,20181224.144257,UAL1553,0.359806,6125.0,159.3
2,20181224.144940,SDU30,0.4125770000000001,13275.0,153.0
2,20181222.234735,JBU2227,0.399368,7750.0,159.4
2,20181224.145104,JBU643,0.302597,9925.0,168.0
2,20181225.022346,JBU127,0.401883,6550.0,159.4
2,20181222.231354,UAL1841,0.406588,8975.0,159.7
2,20181229.002916,UAL8129,0.390526,6050.0,159.2
2,20181224.145641,UAL1519,0.372237,5900.0,159.5
2,20181225.013541,UAL64,0.44992099999999996,7625.0,160.6
2,20181224.145905,JBU927,0.448389,5950.0,159.2
2,20181229.012045,UAL1071,0.466546,6275.0,158.9
2,20181224.145432,UAL1548,0.373223,5900.0,158.2
2,20181225.011645,UAL711,0.375764,12925.0,158.9
2,20181225.044136,JBU905,2.834579,11650.0,159.4
2,20181223.000651,UAL1542,0.437618,6825.0,186.3
2,20181225.112305,JBU1203,0.3919369999999999,11450.0,159.0
2,20181223.011256,UAL1071,0.571195,6400.0,158.9
2,20181225.111441,NKS521,5.603881,10375.0,162.7
2,20181228.211056,ASQ4377,0.413156,6050.0,159.6
2,20181223.010434,UCA4966,0.371532,7000.0,160.3
2,20181225.111020,JBU27,3.6824550000000005,11750.0,182.5
2,20181223.005110,UAL434,0.380262,6150.0,160.5
2,20181222.235229,BOG74,0.352574,6625.0,159.2
2,20181228.212544,UAL1021,0.4077219999999999,6000.0,158.8
2,20181223.004110,UAL1225,0.665649,6075.0,159.4
2,20181223.003527,UAL1054,0.3865199999999999,6050.0,160.0
2,20181228.215621,JBU1973,0.347905,6425.0,158.7
2,20181223.002137,NKS1529,0.417171,6375.0,159.5
2,20181225.051533,UAL1471,3.283395,12050.0,168.8
2,20181228.220330,UAL1923,0.4300419999999999,7475.0,159.4
2,20181225.051033,UAE210,3.2928689999999996,10625.0,169.2
2,20181225.054915,NKS1035,3.823189,11375.0,182.1
2,20181228.203406,ASQ4179,0.403251,6050.0,159.2
2,20181225.010346,JBU705,4.850208,10975.0,160.1
2,20181229.015525,UAL711,2.019107,6075.0,184.2
2,20181229.045230,NKS1159,0.632563,11325.0,159.3
2,20181229.045545,JBU127,5.842095,10250.0,159.2
2,20181229.050053,JBU1443,0.8359360000000002,11875.0,159.2
2,20181224.234654,UAL2029,0.866512,6225.0,143.0
2,20181229.051800,UAL64,3.173031,11500.0,169.6
2,20181229.052018,JBU1389,5.348692,10625.0,169.8
2,20181229.052253,UAL1552,0.72525,12325.0,158.4
2,20181229.043024,UAL979,0.386947,7500.0,159.0
2,20181224.234423,NKS1529,0.612687,6000.0,136.0
2,20181229.070704,NKS1035,0.570467,10775.0,159.2
2,20181229.111310,JBU27,0.342911,11125.0,158.8
2,20181229.114006,UAL520,0.7576950000000001,13350.0,158.3
2,20181229.114409,JBU1143,0.599936,11700.0,158.4
2,20181229.114742,UAL1987,0.39320800000000006,6400.0,160.1
2,20181229.115637,UAL1984,0.420552,6400.0,159.1
2,20181229.120428,UAL1137,0.362924,6150.0,159.0
2,20181222.213344,N13FS,0.4304700000000001,7125.0,159.1
2,20181222.224818,EJM717,0.578845,14025.0,158.4
2,20181229.042101,RPA3573,0.465057,6400.0,159.5
2,20181224.152159,UAL1480,0.291861,5925.0,159.7
2,20181225.004506,UAL120,0.446898,6125.0,159.3
2,20181229.021210,UAL1149,0.407615,6400.0,176.7
2,20181222.223104,UAL1068,0.431135,6325.0,158.7
2,20181229.022009,JBU543,0.711054,7075.0,187.0
2,20181225.004311,DJT101,0.7607769999999999,5875.0,159.7
2,20181222.222727,UAL366,0.393993,7150.0,159.3
2,20181222.222453,JBU227,0.345814,6950.0,158.7
2,20181222.215908,RPA3670,0.347565,6475.0,159.5
2,20181224.151021,JBU205,0.313894,5850.0,159.1
2,20181229.031859,UAL1001,3.293515,12625.0,192.1
2,20181229.032835,UAL1084,0.44125,8775.0,159.2
2,20181229.033210,UAL1225,0.377716,6150.0,159.3
2,20181225.002238,UAL1905,0.404132,5975.0,159.7
2,20181229.033410,UAL318,0.369098,8025.0,159.0
2,20181222.220439,JBU705,0.41458500000000004,6200.0,159.1
2,20181229.034438,UAL149,3.213216,12150.0,169.3
2,20181229.031246,ETH509,0.446925,8025.0,159.4
2,20181225.200934,NKS525,5.155583,13650.0,189.2
2,20181228.032726,UAL979,0.282242,10575.0,159.2
2,20181228.044840,NAX76C,0.461385,6200.0,159.1
2,20181226.135052,N559X,0.332679,5475.0,159.1
2,20181227.115511,JBU1203,0.311786,14250.0,159.4
2,20181227.115751,UAL1987,1.031603,14150.0,159.2
2,20181227.120504,N238WP,0.384534,5425.0,160.2
2,20181227.120637,JBU1143,0.9495200000000003,14750.0,163.9
2,20181223.160408,UAL1624,0.46320900000000004,6475.0,158.9
2,20181223.155741,UAL832,0.404535,5975.0,160.5
2,20181223.155501,GTH24,0.579114,15075.0,159.1
2,20181227.123625,N543PB,0.340326,5400.0,159.0
2,20181226.134346,DAL2618,1.651438,14575.0,191.80000000000004
2,20181224.020039,NKS1159,0.373389,7375.0,159.7
2,20181227.124214,JBU1289,1.431364,14375.0,168.5
2,20181226.134057,UAL1523,0.361025,5525.0,158.2
2,20181224.020307,UAL1149,0.383563,6150.0,159.2
2,20181223.153752,UAL1040,0.403169,5925.0,157.9
2,20181224.020501,UAL1537,0.702585,5875.0,159.6
2,20181223.152841,UAL1042,0.664438,5775.0,157.0
2,20181226.140023,UAL1627,2.301142,5475.0,152.7
2,20181224.021944,N650XF,1.9947609999999998,14825.0,164.0
2,20181227.115304,UAL1984,0.264138,14325.0,158.4
2,20181227.114419,ENY3803,0.8535160000000003,15650.0,189.1
2,20181227.032553,UAL149,0.38052,5450.0,159.7
2,20181227.034816,UAL979,0.42249600000000004,6250.0,158.7
2,20181223.165117,UCA4959,0.191107,5975.0,177.5
2,20181227.040910,JBU1443,0.44686399999999993,7450.0,159.0
2,20181226.142435,UAL1486,0.741964,5475.0,153.9
2,20181227.041457,NAX76C,1.1385150000000002,5475.0,158.9
2,20181223.164352,EJA141,1.7053900000000002,14400.0,172.7
2,20181223.164153,PRD81,0.4858549999999999,6700.0,159.1
2,20181227.051152,UAL1471,5.585143,10400.0,181.09999999999997
2,20181226.141506,N838MF,1.435302,14475.0,162.7
2,20181227.060542,NKS1035,0.46407,10775.0,159.1
2,20181223.163250,N451KR,2.404428,14775.0,161.9
2,20181223.163028,JBU1043,0.406629,6775.0,159.0
2,20181226.141224,N605WG,0.301443,14475.0,166.2
2,20181227.110014,UAL1428,0.325572,15075.0,159.0
2,20181224.013454,UAL711,0.335358,7125.0,159.2
2,20181227.112127,NKS521,2.748148,14875.0,183.4
2,20181223.162240,N387MB,0.376472,5850.0,159.2
2,20181223.165603,EJM809,1.898193,14800.0,161.7
2,20181223.152511,RPA3742,0.4878910000000001,6075.0,159.4
2,20181226.132639,N516CC,0.372049,5475.0,159.2
2,20181227.143558,DAL925,2.55487,15475.0,188.8
2,20181227.143632,UAL1444,0.340013,11925.0,159.3
2,20181226.124227,UAL1183,0.8233620000000001,5600.0,158.7
2,20181226.124103,JBU1289,0.602119,5525.0,160.0
2,20181227.144101,UAL1514,3.047143,14350.0,165.5
2,20181227.144252,CJT245,5.500563,14250.0,158.8
2,20181223.143611,N836MF,0.9811530000000003,14825.0,163.1
2,20181223.143414,UAL1444,0.319198,5825.0,159.1
2,20181223.143155,UAL1514,0.347104,5800.0,159.0
2,20181226.123157,NKS139,0.397116,6000.0,158.9
2,20181224.033513,UAL149,0.37601999999999997,9025.0,158.9
2,20181227.150538,WWI111,2.163475,14225.0,171.6
2,20181227.150624,UAL1050,0.511149,15225.0,184.3
2,20181226.122845,DAL2763,1.0524580000000001,14475.0,188.2
2,20181223.142345,UAL1050,0.362924,5825.0,139.5
2,20181227.151459,JBU927,0.426675,5750.0,159.2
2,20181227.152443,JBU643,4.225702,12800.0,158.9
2,20181227.143351,UAL1040,1.046732,12350.0,159.4
2,20181223.152347,N297PJ,0.9301270000000001,15100.0,160.5
2,20181223.143923,N550GW,2.721037,14775.0,165.1
2,20181227.141120,UAL1657,5.420366,14125.0,159.3
2,20181224.022338,ENY3513,5.407013,14050.0,188.29999999999998
2,20181224.023021,UAL1071,0.501729,6450.0,158.9
2,20181226.131402,UAL1048,5.224853,8750.0,158.9
2,20181224.024109,JBU905,0.523619,11075.0,159.9
2,20181224.024312,JBU127,0.441656,6800.0,159.0
2,20181223.151229,N59JE,0.614152,5775.0,159.1
2,20181223.151018,,0.98333,5800.0,146.3
2,20181227.133503,JBU1505,5.281073,13300.0,167.3
2,20181224.025054,RPA3434,0.46687399999999996,7275.0,159.2
2,20181227.134224,UAL1797,0.383809,13975.0,159.7
2,20181223.150628,UAL343,0.704851,5825.0,157.3
2,20181227.134836,UAL1523,1.153905,14375.0,159.1
2,20181223.150514,N300TW,0.4618860000000001,5975.0,158.5
2,20181223.150323,JBU927,0.8236930000000002,5800.0,128.4
2,20181227.135715,UAL1287,4.470565,14650.0,165.2
2,20181228.050202,JBU1443,4.373301,11675.0,181.20000000000002
2,20181223.145730,UAL1548,0.59457,5775.0,159.0
2,20181223.144405,UAL1486,0.478297,5825.0,159.2
2,20181227.031122,RPA3434,0.345563,5775.0,159.1
2,20181227.030112,UAL1552,0.536392,6350.0,159.3
2,20181224.010831,UAL1001,0.371455,8900.0,159.4
2,20181226.170643,AJT881,0.455507,9725.0,159.8
2,20181223.203540,RPA3463,0.367937,6500.0,159.5
2,20181226.170100,GTH999,0.447711,5900.0,160.7
2,20181223.234600,NKS1529,0.613174,5900.0,158.8
2,20181226.215618,N880RG,0.491677,5600.0,158.5
2,20181226.164557,ASQ4080,0.776569,5550.0,153.8
2,20181226.220032,JBU705,0.445025,6325.0,159.1
2,20181226.220816,N673MG,0.774327,15700.0,159.3
2,20181226.163418,UAL625,0.364588,5850.0,159.6
2,20181223.200424,UAL1021,0.602431,5875.0,159.2
2,20181223.235700,UAL2029,0.434276,6075.0,159.9
2,20181226.162056,UAL1519,0.3723,5475.0,159.4
2,20181223.235901,JBU227,0.158924,6325.0,178.3
2,20181223.195956,TAI399,0.331392,6000.0,159.1
2,20181226.230644,DAL2056,4.353074,14250.0,193.50000000000003
2,20181226.230745,RPA3669,0.514336,6375.0,159.1
2,20181226.161035,UAL1649,0.365621,5500.0,159.0
2,20181226.173158,JBU1827,0.4240630000000001,6575.0,187.4
2,20181223.194425,N88TS,0.421769,5800.0,160.8
2,20181226.174617,N425QS,0.8217940000000001,15350.0,160.1
2,20181226.180222,JBU305,0.441374,10275.0,159.5
2,20181226.193910,UAL991,1.166861,5500.0,159.6
2,20181226.192209,UAL662,0.446084,5650.0,158.9
2,20181226.194608,UAL2275,0.422555,6575.0,159.8
2,20181223.215651,UCA4936,0.362769,6050.0,158.6
2,20181226.195957,UAL886,0.40632500000000005,5800.0,159.5
2,20181226.200719,UAL1021,0.38652600000000004,6100.0,159.1
2,20181223.224107,UAL1923,0.439185,8575.0,158.7
2,20181223.213411,UAL1222,0.428861,5925.0,158.5
2,20181226.185227,JBU1161,5.731203,13750.0,191.80000000000004
2,20181226.184919,JBU893,0.49458499999999994,5950.0,137.4
2,20181226.205902,DAL2064,0.733466,15075.0,187.9
2,20181223.224619,AAL1580,0.49931300000000006,9200.0,158.9
2,20181226.183509,ELY028,0.519513,5625.0,159.6
2,20181223.212156,UAL2332,0.75994,5825.0,158.9
2,20181226.210935,UAL2332,1.202399,5550.0,173.1
2,20181226.182918,NKS791,0.832157,5650.0,126.59999999999998
2,20181223.232830,UAL2398,5.554944,9550.0,159.0
2,20181226.175838,ASQ4272,0.369564,6750.0,159.6
2,20181226.160855,N516N,0.523326,5500.0,159.2
2,20181226.234156,UAL2398,0.305722,6475.0,159.0
2,20181226.235408,TAP202,0.417171,5550.0,159.0
2,20181227.013631,UAL1071,0.446925,5700.0,159.6
2,20181224.003633,JBU543,0.4023749999999999,6075.0,159.3
2,20181227.014204,UAL1543,0.369441,6250.0,160.1
2,20181223.180627,UCA4964,0.362772,8875.0,159.1
2,20181227.015040,UAL51,0.46441400000000005,6975.0,159.9
2,20181227.015635,UAL711,0.38097099999999995,7750.0,159.1
2,20181227.020133,UAL1149,0.397298,9125.0,159.6
2,20181226.150626,N657AT,0.704094,12400.0,151.3
2,20181227.021230,ENY3864,2.313317,15125.0,190.4
2,20181227.021518,EDV3299,0.36752,5875.0,159.4
2,20181223.174709,AAL1060,0.454094,7675.0,159.5
2,20181227.023248,NKS1159,0.370761,7375.0,159.2
2,20181227.024127,UAL1857,0.87351,5475.0,159.1
2,20181223.173146,JBU1827,1.452874,11750.0,167.3
2,20181226.143404,RPA3430,0.659444,6425.0,131.8
2,20181227.025118,JBU127,0.346306,6475.0,159.3
2,20181227.025258,N420LM,0.466315,6175.0,159.2
2,20181227.013120,DAL1585,0.974316,15475.0,187.5
2,20181226.151433,UAL1624,1.962157,5500.0,159.2
2,20181227.011612,DAL1485,1.664586,14275.0,189.30000000000004
2,20181224.002422,UAL434,0.423425,6375.0,159.3
2,20181226.160406,FWK500,0.38563000000000003,5475.0,159.4
2,20181223.192313,AJT881,1.063654,5825.0,150.9
2,20181226.160133,UAL1449,0.659213,5525.0,129.3
2,20181227.000108,EJA548,0.712918,5500.0,159.1
2,20181223.192117,N42GJ,0.353405,5825.0,159.4
2,20181226.155459,N922H,0.338598,5450.0,159.2
2,20181227.000728,JBU2227,0.42953399999999997,6375.0,159.4
2,20181227.000923,EDG600,0.563616,14175.0,166.0
2,20181227.153509,JBU205,0.746172,14375.0,156.4
2,20181226.155150,UAL1042,0.551695,5475.0,159.0
2,20181227.004744,JBU543,1.010289,5750.0,165.4
2,20181223.191418,UAL662,1.3035550000000002,5950.0,167.0
2,20181227.004918,EJA212,0.365016,5600.0,159.5
2,20181227.005350,UAL434,0.328068,5500.0,159.4
2,20181227.005605,UAL2029,0.465695,5725.0,159.2
2,20181227.005748,UAL1054,0.336679,5750.0,159.2
2,20181226.153951,LXJ416,4.540074,14450.0,180.6
2,20181227.010432,UAL1616,1.804701,5775.0,182.4
2,20181226.154414,UAL1480,0.436709,5700.0,161.9
2,20181227.153854,N12MW,2.307231,14475.0,184.0
2,20181223.150151,N418CT,0.42924200000000007,5800.0,160.2
2,20181224.173307,UAL8127,0.8281950000000001,10400.0,159.1
2,20181226.005321,JBU2227,4.707918,14925.0,159.2
2,20181224.120117,UAL1456,0.335413,6700.0,159.6
2,20181228.013208,UAL1001,0.348877,5550.0,159.3
2,20181224.130522,UAL1048,0.40667,5900.0,159.3
2,20181228.013701,UCA4980,0.370261,5425.0,158.9
2,20181223.131830,UAL1048,0.625958,5875.0,141.0
2,20181228.014147,00000000,0.411669,5400.0,159.4
2,20181223.114348,NKS705,3.4801249999999997,14000.0,187.8
2,20181223.132348,N202QS,0.49143999999999993,13725.0,159.3
2,20181228.020002,UAL51,0.40923200000000004,5425.0,159.1
2,20181224.113646,UAL1784,0.399195,6975.0,159.6
2,20181227.205356,FDX3008,0.398319,5400.0,159.5
2,20181228.021139,UAL434,5.512064,10100.0,159.3
2,20181225.212040,XOJ551,1.105132,14675.0,177.3
2,20181223.131307,UAL1520,0.358442,6175.0,159.0
2,20181228.021847,UAL1537,0.4737489999999999,5600.0,159.3
2,20181227.204800,RPA3463,0.575476,5400.0,158.8
2,20181226.011702,UAL1001,0.329396,14425.0,159.8
2,20181227.204419,ASQ4056,0.308933,5400.0,159.2
2,20181224.113421,SWA4045,0.499758,6975.0,159.2
2,20181227.204208,UAL1783,0.728715,5400.0,159.4
2,20181225.211033,EJA214,0.351287,14650.0,159.3
2,20181224.113118,NKS521,0.503315,7075.0,159.5
2,20181224.112827,AAL1196,0.690763,5950.0,132.9
2,20181224.112439,JBU27,0.407297,11475.0,159.2
2,20181227.202758,UAL1790,0.44301999999999997,5875.0,159.2
2,20181224.111835,UAL1261,0.331965,5875.0,159.1
2,20181224.111556,RPA3540,0.377716,6000.0,159.4
2,20181223.123537,UAL1030,0.37712100000000004,6550.0,159.1
2,20181226.022631,UAL318,0.7890400000000002,15375.0,159.2
2,20181227.205109,JBU1827,0.331866,5400.0,159.2
2,20181227.201531,NKS525,1.323465,5375.0,159.5
2,20181223.120407,UAL1456,0.8865510000000001,10400.0,160.0
2,20181227.213049,UAL1538,0.495124,5825.0,158.7
2,20181227.225350,EJA778,0.644187,6000.0,185.4
2,20181227.231257,UAL1841,1.037147,5375.0,158.9
2,20181225.225254,RPA3669,0.728553,15775.0,154.4
2,20181223.123157,UAL1109,1.06187,7550.0,181.09999999999997
2,20181225.231140,DAL1866,4.488324,12950.0,189.70000000000002
2,20181225.225018,UAL1021,0.346422,15100.0,159.3
2,20181227.233813,N958BX,1.339099,14400.0,165.9
2,20181224.122113,JBU811,0.8845600000000001,11675.0,159.1
2,20181224.121822,UAL1109,0.507128,9850.0,159.0
2,20181225.234349,NKS1529,2.663799,13475.0,181.40000000000003
2,20181227.235555,NKS1529,5.323259,9550.0,159.4
2,20181227.221625,N81SN,0.36215,5450.0,159.2
2,20181224.124412,NKS139,0.416226,6050.0,159.2
2,20181223.124755,RPA3502,0.804852,6000.0,129.1
2,20181224.120354,SWA750,0.4858549999999999,7825.0,159.1
2,20181225.221616,JBU893,5.838049,13175.0,158.8
2,20181223.122134,DAL2763,1.3106770000000003,14700.0,188.9
2,20181223.121905,N36MM,1.4203090000000003,15250.0,182.89999999999998
2,20181228.010309,UAL2029,0.317887,8075.000000000001,158.8
2,20181224.121454,UAL1080,0.351484,8200.0,158.7
2,20181223.125610,NKS139,0.332955,5900.0,160.3
2,20181227.220035,UAL1222,0.617384,5400.0,159.2
2,20181225.214705,UAL1790,2.088072,13425.0,159.1
2,20181225.234507,UCA4966,5.557019,13600.0,162.0
2,20181228.011459,UAL120,0.39555499999999993,9125.0,160.2
2,20181223.120821,UAL369,0.382322,8575.0,159.6
2,20181225.234802,NKS347,4.709417,14475.0,193.6
2,20181228.011906,DAL1485,0.82446,15675.0,188.29999999999998
2,20181226.000513,UAL1905,0.324574,13425.0,159.0
2,20181223.142032,RPA3430,0.605709,5850.0,136.1
2,20181227.220705,UCA4936,0.353378,5400.0,159.1
2,20181227.200953,GTH221,1.820311,14375.0,172.0
2,20181227.225133,UAL2293,0.19629399999999997,5875.0,181.7
2,20181226.192759,N489TM,0.437,5575.0,159.2
2,20181228.030539,RPA3434,0.427767,6550.0,159.3
2,20181224.132538,UAL1797,0.40529199999999993,5875.0,158.9
2,20181226.112643,AAL1196,0.501075,6475.0,182.2
2,20181227.180819,N782SF,3.188533,12200.0,169.9
2,20181227.155626,UAL343,1.037147,15700.0,159.9
2,20181227.180051,AJT881,4.56373,14125.0,169.9
2,20181226.023645,UAL1149,0.730593,14800.0,159.4
2,20181225.201651,ENY3943,4.621097,11700.0,191.9
2,20181228.034045,RPA3573,1.55674,7400.0,185.1
2,20181227.174954,N883SL,2.896782,13200.0,170.1
2,20181223.135519,JBU1203,1.076124,6025.0,147.4
2,20181223.135945,UAL1523,0.332505,6525.0,159.4
2,20181228.034416,UAL149,0.470574,8575.0,159.5
2,20181226.114022,JBU1143,3.3207629999999995,11200.0,183.5
2,20181227.171828,UAL1102,5.523263,14375.0,164.4
2,20181223.140231,JBU1289,0.325158,5850.0,159.0
2,20181228.035256,UAL318,0.462014,8775.0,159.0
2,20181227.161701,UAL1627,4.052728,14500.0,181.40000000000003
2,20181224.040606,UAL979,0.401152,9175.0,159.8
2,20181226.114640,N914BA,3.7446879999999996,14575.0,160.7
2,20181227.165427,EJA768,5.144535,14375.0,173.5
2,20181228.041143,JBU1371,1.858838,15275.0,189.8
2,20181224.035248,JBU1443,0.596755,11050.0,159.4
2,20181223.082346,JBU905,4.320591,11525.0,181.40000000000003
2,20181223.141510,,0.9649730000000001,5800.0,137.2
2,20181224.034837,JBU1389,5.351511,10225.0,159.6
2,20181227.163026,JBU1043,1.451876,14325.0,172.5
2,20181226.111537,RPA3540,5.191839,10825.0,179.80000000000004
2,20181226.120941,UAL1109,0.319743,5625.0,159.0
2,20181227.182221,DAL1359,4.353074,13325.0,190.3
2,20181228.030010,UAL1149,0.380758,6325.0,159.5
2,20181224.130952,JBU1289,0.417823,5875.0,158.9
2,20181228.043923,UAL1084,4.808271,11450.0,180.5
2,20181226.024343,NKS1159,1.101298,13575.0,159.2
2,20181226.024524,JBU127,2.410549,13675.0,158.6
2,20181226.025919,JBU905,5.524983,14675.0,159.0
2,20181224.054758,NKS1035,0.53742,12075.0,159.0
2,20181223.112654,JBU27,4.424179,12650.0,181.0
2,20181227.192422,RPA3432,1.229076,14000.0,166.5
2,20181226.032019,UAL979,0.776629,14375.0,159.4
2,20181227.191953,JBU1527,4.331961,14125.0,159.0
2,20181227.154210,UAL1042,1.922031,14350.0,172.2
2,20181224.131625,UAL1489,0.7651650000000002,5875.0,159.4
2,20181223.111913,UAL1261,3.848897,12525.0,181.5
2,20181223.141751,UAL1287,0.441239,6350.0,158.4
2,20181226.040228,NAX76C,4.44164,14575.0,158.9
2,20181227.155221,EJA109,1.4236520000000001,14350.0,161.9
2,20181226.110158,UAL1428,4.8308,10950.0,180.2
2,20181224.044510,ETH509,2.812953,12125.0,170.3
2,20181223.135357,UCA4894,0.72942,5925.0,122.50000000000001
2,20181224.045017,ENY3948,0.9001810000000001,15625.0,186.50000000000003
2,20181228.025606,UCA4937,2.624514,11050.0,183.30000000000004
2,20181226.033026,UAL149,0.8712400000000001,14400.0,160.4
2,20181227.154441,UAL1624,5.534766,13825.0,181.40000000000003
2,20181227.184139,EJM809,1.898193,14150.0,175.7
2,20181227.184900,ELY028,5.375682,12875.0,159.5
2,20181225.210150,ASQ4377,2.141515,15200.0,190.5
2,20181227.185521,JBU893,4.915006,12025.0,158.8
2,20181224.052928,UAE210,0.69182,11775.0,159.6
3,20181228.042931,UAL2333,4.983273,5475.0,159.1
3,20181229.160413,UAL1470,5.04465,5925.0,159.8
3,20181223.191816,RPA3432,5.105131,5825.0,165.4
3,20181227.001537,NKS1529,5.313568,5500.0,159.5
3,20181228.022730,UAL64,4.313791,5425.0,158.9
3,20181228.042605,UAL1552,5.568498,5475.0,158.7
3,20181228.042405,JBU1389,5.947995,6375.0,159.4
3,20181229.164743,UCA4959,5.760484,5900.0,150.7
3,20181228.141514,JBU1505,4.847591,5750.0,159.7
3,20181228.114847,JBU1203,5.232576,5700.0,159.4
3,20181228.040821,JBU905,5.338785,5700.0,160.7
3,20181223.115820,JBU1143,5.307434,5950.0,159.0
3,20181228.015539,ASQ4119,5.223114,5425.0,160.3
3,20181223.201120,NKS525,4.030281,5850.0,159.4
3,20181228.123724,EJA214,4.644986,5725.0,159.1
3,20181226.164717,JBU1505,4.14603,5475.0,158.3
3,20181224.192628,UAL991,5.465417,5900.0,158.7
3,20181228.022051,NKS1159,5.407474,5400.0,159.2
3,20181228.142454,CJT245,5.441084,5750.0,159.3
3,20181224.161237,JBU1043,5.320399,5875.0,159.4
3,20181228.215436,UAL2406,5.309766,6025.0,158.5
3,20181224.140818,UAL1040,5.286831,5875.0,159.2
3,20181229.123559,JBU1289,4.284722,6025.0,150.5
3,20181228.210739,UAL730,5.369583,6050.0,158.7
3,20181226.153535,JBU643,4.773351,5475.0,159.4
3,20181224.233113,JBU2227,5.244849,5850.0,159.3
3,20181229.115041,JBU1203,5.361228,6050.0,158.9
3,20181224.113154,JBU1203,5.436319,5875.0,159.3
3,20181227.201816,UAL1021,5.426946,5400.0,159.2
3,20181229.042411,UAL1537,5.817909,6075.0,159.7
3,20181223.155919,UAL1470,5.352979,5775.0,155.0
3,20181224.142226,RPA3430,5.396669,5850.0,159.0
3,20181225.002314,UAL434,5.460327,5875.0,158.6
3,20181229.030458,JBU905,5.676737,6100.0,160.0
3,20181223.153454,UAL1480,5.200161,5775.0,158.5
3,20181228.183016,JBU1043,4.49925,6000.0,159.4
3,20181228.184529,UAL678,5.339183,5975.0,159.7
3,20181229.015705,JBU2227,5.273232,6075.0,158.5
3,20181229.014722,NKS1529,5.598435,6050.0,159.5
3,20181224.025308,UAL1857,5.8751,5825.0,159.4
3,20181226.124613,UAL1705,4.559188,5525.0,159.4
3,20181229.003906,UAL2398,5.117569,6100.0,159.1
3,20181225.014645,JBU543,5.373631,5825.0,158.9
3,20181229.003039,JBU705,5.521794,6050.0,159.0
3,20181229.002043,UAL434,5.676118,6075.0,159.5
3,20181228.194351,TFF909,5.045058,6000.0,159.1
3,20181223.140320,UAL1627,5.435812,5775.0,159.7
3,20181228.204004,UAL1527,5.37383,6025.0,159.4
3,20181223.140922,UAL1657,4.466062,5775.0,159.3
3,20181224.115416,JBU1143,5.16279,5875.0,159.1
3,20181227.041157,JBU1389,5.494929,5475.0,158.8
3,20181228.163106,UAL1624,4.808271,5875.0,159.4
3,20181227.040437,UAL1084,5.257309,5475.0,159.4
3,20181224.154633,UAL832,4.087748,5850.0,159.2
3,20181228.150226,JBU927,5.203836,5750.0,155.2
3,20181229.153017,NKS149,4.445292,5925.0,159.1
3,20181224.002620,UAL1054,5.630394,5825.0,160.0
3,20181225.160513,N451KR,4.652482,5850.0,161.9
3,20181229.152238,UAL1042,5.586344,5925.0,160.2
3,20181229.151832,JBU643,5.854048,5900.0,158.8
3,20181223.184521,JBU893,5.659547,5825.0,159.3
3,20181229.151231,JBU205,4.869077,5925.0,159.0
3,20181229.150025,JBU1505,5.098012,5925.0,157.1
3,20181229.145142,UAL1548,4.333234,5925.0,160.8
3,20181227.221128,JBU1511,4.478001,5400.0,159.3
3,20181229.142708,UAL1444,4.349508,5925.0,159.1
3,20181227.211457,UAL2332,5.581557,5400.0,169.2
3,20181225.152534,UAL2356,5.351009,5650.0,154.8
3,20181225.033134,JBU1389,4.697843,5825.0,158.3
3,20181229.130715,UAL1520,5.166965,6025.0,159.1
3,20181226.144942,UAL1514,5.607594,5475.0,159.4
3,20181229.135342,UAL1040,5.469209,5950.0,159.3
3,20181224.011034,UAL1905,5.845233,6400.0,159.4
3,20181226.143911,UAL1050,5.386443,5450.0,165.7
3,20181228.154239,NKS149,5.283239,5875.0,159.3
3,20181227.213750,UAL2406,4.27925,5425.0,160.3
3,20181227.032057,JBU2905,4.838865,6150.0,159.1
4,20181226.171921,N36MM,3.2973830000000004,5475.0,159.1
4,20181223.144741,N363QS,2.983554,5775.0,150.2
4,20181226.221849,UAL1923,3.288999,5525.0,159.7
4,20181229.142439,RPA3430,3.4303389999999996,5975.0,156.4
4,20181229.145542,,3.177816,6000.0,158.4
4,20181228.152428,UAL1465,3.047143,5825.0,158.6
4,20181226.164357,GTH24,3.567137,5450.0,159.1
5,20181223.180220,UAL1624,1.645921,11975.0,172.4
5,20181225.123543,NKS139,1.9330399999999999,11850.0,189.40000000000003
5,20181225.140511,UAL1040,1.858774,10825.0,172.6
5,20181223.113936,UAL1290,1.7244150000000003,12625.0,184.0
6,20181225.052907,ETH513,2.271982,10075.0,171.4
6,20181225.043414,UAL90,2.129788,10525.0,171.5
6,20181227.224518,JBU705,2.082405,10200.0,184.90000000000003
6,20181227.230433,RPA3669,2.183529,8750.0,184.1
6,20181224.153848,NKS149,1.736667,8700.0,185.3
6,20181227.053514,ETH513,2.050696,9375.0,171.5
